"Customer_ID,Name,Age,Gender,City,Product,Price,Quantity,Payment_Mode,Purchase_Date"
"1,Chetan,,Male,Chennai,Laptop,45042,3,UPI,2023-07-08"
"2,Bala,,Female,Hyderabad,Tablet,16621,5,Cash,2023-12-20"
"3,Jaya,,Female,Hyderabad,Laptop,30794,1,Card,2023-07-04"
"4,Hari,,Male,Hyderabad,Laptop,49912,2,Cash,2023-06-29"
"5,Isha,45.0,Male,Kochi,Tablet,20258,2,Cash,2023-10-08"
"6,Farhan,,Male,Kochi,Camera,25157,1,Cash,2023-01-09"
"7,Arun,,Male,Trivandrum,Camera,18287,1,Cash,2023-02-04"
"8,Isha,,Female,Bangalore,Laptop,49675,5,UPI,2023-05-25"
"9,Divya,43.0,Male,Chennai,Headphones,5485,3,Card,2023-12-08"
"10,Chetan,,Male,Bangalore,Camera,25442,4,Card,2023-12-24"
"11,Gopi,,Female,Bangalore,Laptop,12669,3,Cash,2023-08-30"
"12,Arun,23.0,Male,Bangalore,Tablet,5233,1,Cash,2023-07-28"
"13,Arun,,Female,Kochi,Headphones,23958,5,Cash,2023-04-07"
"14,Isha,25.0,Male,Hyderabad,Headphones,5112,3,UPI,2023-11-21"
"15,Bala,,Male,Kochi,Camera,42843,1,Card,2023-11-13"
"16,Gopi,,Male,Chennai,Tablet,12415,5,UPI,2023-01-21"
"17,Jaya,,Female,Bangalore,Mobile,44114,3,UPI,2023-02-20"
"18,Esha,60.0,Female,Bangalore,Camera,5617,2,Cash,2023-12-30"
"19,Esha,,Male,Trivandrum,Camera,27198,3,Cash,2023-04-04"
"20,Farhan,,Male,Kochi,Headphones,41910,1,UPI,2023-11-25"
"21,Farhan,41.0,Female,Bangalore,Mobile,30531,5,Cash,2023-11-14"
"22,Esha,34.0,Male,Kochi,Laptop,16418,2,Card,2023-05-22"
"23,Farhan,55.0,Female,Hyderabad,Tablet,42936,3,Card,2023-02-01"
"24,Hari,,Female,Trivandrum,Laptop,13315,4,UPI,2023-01-06"
"25,Arun,35.0,Female,Chennai,Headphones,45381,4,UPI,2023-08-22"
"26,Arun,,Male,Bangalore,Headphones,8056,5,UPI,2023-08-18"
"27,Hari,20.0,Male,Trivandrum,Tablet,5110,2,Cash,2023-09-25"
"28,Arun,48.0,Male,Bangalore,Tablet,11152,1,Cash,2023-10-11"
"29,Gopi,59.0,Male,Bangalore,Mobile,37959,3,UPI,2023-07-18"
"30,Bala,,Female,Trivandrum,Mobile,21779,2,Card,2023-09-16"
"31,Divya,21.0,Male,Chennai,Mobile,1663,2,Card,2023-04-03"
"32,Jaya,,Male,Trivandrum,Headphones,4635,4,UPI,2023-09-05"
"33,Hari,30.0,Female,Chennai,Camera,32828,4,UPI,2023-02-13"
"34,Chetan,,Female,Bangalore,Tablet,34752,4,Card,2023-11-03"
"35,Hari,,Female,Trivandrum,Laptop,14127,5,Cash,2023-05-14"
"36,Farhan,,Female,Kochi,Laptop,38922,4,Cash,2023-04-21"
"37,Esha,42.0,Female,Kochi,Tablet,37986,5,UPI,2023-09-11"
"38,Farhan,,Female,Chennai,Laptop,40694,5,UPI,2023-12-15"
"39,Divya,52.0,Male,Trivandrum,Tablet,30124,1,Card,2023-10-05"
"40,Bala,50.0,Male,Kochi,Laptop,10069,1,Card,2023-01-04"
"41,Divya,,Male,Kochi,Tablet,15878,5,UPI,2023-12-02"
"42,Hari,,Female,Chennai,Camera,11661,2,Cash,2023-02-22"
"43,Esha,,Male,Hyderabad,Camera,43358,2,Cash,2023-12-29"
"44,Arun,32.0,Female,Hyderabad,Tablet,13352,5,Card,2023-01-20"
"45,Isha,29.0,Female,Bangalore,Headphones,578,4,UPI,2023-10-06"
"46,Hari,21.0,Male,Hyderabad,Laptop,19005,2,Card,2023-07-27"
"47,Farhan,,Male,Hyderabad,Headphones,48551,3,Cash,2023-02-08"
"48,Bala,,Female,Kochi,Headphones,21462,5,Cash,2023-02-27"
"49,Divya,21.0,Female,Chennai,Camera,40418,2,UPI,2023-01-21"
"50,Farhan,56.0,Male,Kochi,Headphones,37486,4,Card,2023-04-14"
"51,Hari,32.0,Male,Hyderabad,Camera,9014,4,UPI,2023-08-31"
"52,Bala,23.0,Female,Trivandrum,Tablet,37375,3,UPI,2023-11-07"
"53,Chetan,,Male,Trivandrum,Tablet,25349,4,UPI,2023-02-24"
"54,Chetan,,Female,Trivandrum,Headphones,24362,2,Cash,2023-11-06"
"55,Esha,57.0,Male,Chennai,Camera,25724,2,UPI,2023-06-02"
"56,Chetan,,Female,Kochi,Laptop,40500,2,UPI,2023-11-01"
"57,Gopi,,Male,Kochi,Camera,24035,2,Card,2023-11-20"
"58,Hari,60.0,Female,Bangalore,Headphones,45281,2,Cash,2023-02-12"
"59,Bala,35.0,Male,Trivandrum,Headphones,43389,1,UPI,2023-01-12"
"60,Hari,,Male,Chennai,Laptop,2300,5,Card,2023-04-23"
"61,Chetan,,Female,Kochi,Camera,35654,3,Cash,2023-07-07"
"62,Farhan,41.0,Male,Hyderabad,Laptop,25637,1,Cash,2023-11-05"
"63,Gopi,,Female,Kochi,Tablet,17699,2,Cash,2023-03-15"
"64,Hari,33.0,Female,Bangalore,Laptop,10785,3,UPI,2023-12-05"
"65,Arun,,Female,Chennai,Camera,41637,2,Cash,2023-02-16"
"66,Gopi,,Female,Hyderabad,Camera,49626,5,Card,2023-03-22"
"67,Chetan,,Female,Chennai,Laptop,13449,5,Card,2023-10-29"
"68,Esha,,Female,Hyderabad,Mobile,3029,3,Cash,2023-10-31"
"69,Bala,42.0,Female,Hyderabad,Laptop,10075,1,Cash,2023-06-12"
"70,Arun,,Female,Bangalore,Mobile,29230,1,Card,2023-06-10"
"71,Arun,31.0,Male,Chennai,Headphones,33369,2,Card,2023-09-30"
"72,Arun,47.0,Male,Chennai,Tablet,25454,2,Card,2023-06-12"
"73,Bala,37.0,Male,Kochi,Camera,18245,2,Card,2023-02-20"
"74,Arun,,Female,Trivandrum,Headphones,46243,1,Cash,2023-08-30"
"75,Isha,45.0,Female,Kochi,Laptop,16323,1,Cash,2023-07-07"
"76,Jaya,19.0,Female,Hyderabad,Headphones,23412,2,Cash,2023-11-08"
"77,Jaya,,Male,Kochi,Mobile,34478,4,UPI,2023-06-02"
"78,Chetan,29.0,Female,Hyderabad,Tablet,45671,3,Cash,2023-04-02"
"79,Arun,60.0,Male,Hyderabad,Camera,44861,4,Cash,2023-08-19"
"80,Esha,45.0,Male,Trivandrum,Mobile,16184,1,Card,2023-10-21"
"81,Divya,42.0,Female,Bangalore,Headphones,48741,2,UPI,2023-12-29"
"82,Divya,,Male,Hyderabad,Camera,37706,2,Card,2023-08-05"
"83,Hari,,Female,Kochi,Laptop,14921,5,UPI,2023-04-01"
"84,Jaya,30.0,Male,Bangalore,Tablet,14853,5,Cash,2023-07-25"
"85,Chetan,,Male,Trivandrum,Laptop,10539,5,Cash,2023-10-21"
"86,Farhan,54.0,Female,Trivandrum,Mobile,9990,3,UPI,2023-04-16"
"87,Jaya,,Male,Chennai,Laptop,45384,1,Card,2023-05-27"
"88,Jaya,32.0,Female,Bangalore,Headphones,39262,5,Cash,2023-11-23"
"89,Jaya,26.0,Male,Hyderabad,Tablet,19104,2,UPI,2023-09-26"
"90,Farhan,55.0,Male,Trivandrum,Headphones,34986,4,Cash,2023-05-06"
"91,Divya,45.0,Male,Chennai,Mobile,40863,2,Card,2023-04-15"
"92,Isha,,Female,Bangalore,Headphones,3342,2,Cash,2023-11-13"
"93,Isha,,Male,Chennai,Headphones,34731,5,Cash,2023-11-24"
"94,Hari,39.0,Female,Hyderabad,Laptop,23392,2,Cash,2023-07-07"
"95,Isha,,Female,Chennai,Camera,3392,5,UPI,2023-04-04"
"96,Bala,,Male,Trivandrum,Camera,862,3,UPI,2023-08-11"
"97,Gopi,,Female,Trivandrum,Laptop,47671,5,UPI,2023-09-06"
"98,Divya,36.0,Female,Bangalore,Laptop,37859,5,UPI,2023-04-18"
"99,Hari,45.0,Female,Chennai,Camera,11133,4,Card,2023-02-24"
"100,Farhan,,Male,Hyderabad,Headphones,39008,5,Card,2023-12-22"
"101,Arun,21.0,Female,Chennai,Mobile,47867,2,UPI,2023-07-26"
"102,Esha,39.0,Female,Chennai,Camera,21618,5,Cash,2023-02-12"
"103,Chetan,,Female,Kochi,Tablet,42929,1,Card,2023-08-17"
"104,Gopi,,Female,Chennai,Mobile,20544,3,UPI,2023-06-11"
"105,Isha,,Female,Chennai,Camera,19150,4,Card,2023-01-24"
"106,Divya,26.0,Female,Chennai,Camera,26655,4,UPI,2023-05-30"
"107,Divya,,Male,Kochi,Laptop,15589,1,UPI,2023-02-02"
"108,Arun,,Female,Trivandrum,Mobile,3832,5,Cash,2023-06-28"
"109,Chetan,47.0,Female,Kochi,Tablet,1682,4,UPI,2023-07-12"
"110,Jaya,,Male,Kochi,Headphones,35579,2,Cash,2023-07-15"
"111,Esha,54.0,Female,Hyderabad,Camera,8449,3,UPI,2023-12-31"
"112,Chetan,34.0,Male,Kochi,Tablet,30976,1,UPI,2023-11-06"
"113,Isha,,Male,Trivandrum,Headphones,8669,3,Cash,2023-02-04"
"114,Hari,57.0,Male,Kochi,Laptop,13822,4,Cash,2023-02-25"
"115,Jaya,,Male,Kochi,Mobile,31391,3,UPI,2023-12-24"
"116,Chetan,,Male,Chennai,Tablet,13088,1,Card,2023-09-25"
"117,Isha,,Male,Trivandrum,Headphones,44660,1,Cash,2023-06-27"
"118,Jaya,33.0,Female,Kochi,Laptop,22614,1,UPI,2023-09-15"
"119,Chetan,39.0,Male,Bangalore,Headphones,11958,5,Card,2023-07-10"
"120,Chetan,33.0,Male,Chennai,Laptop,1427,4,Card,2023-12-04"
"121,Divya,52.0,Female,Trivandrum,Headphones,17811,2,Card,2023-09-13"
"122,Isha,,Female,Hyderabad,Camera,23491,3,Cash,2023-04-20"
"123,Bala,,Male,Trivandrum,Laptop,11056,5,Card,2023-05-16"
"124,Isha,53.0,Female,Trivandrum,Camera,42203,3,UPI,2023-04-03"
"125,Esha,59.0,Female,Bangalore,Laptop,31452,3,Card,2023-12-20"
"126,Hari,35.0,Female,Bangalore,Laptop,4459,5,UPI,2023-09-01"
"127,Farhan,,Female,Bangalore,Laptop,30868,3,Card,2023-09-29"
"128,Isha,,Male,Chennai,Camera,45412,4,Card,2023-03-27"
"129,Chetan,,Male,Hyderabad,Camera,32162,2,Card,2023-11-23"
"130,Jaya,,Male,Kochi,Camera,3399,3,Card,2023-04-18"
"131,Bala,,Female,Hyderabad,Tablet,9243,3,UPI,2023-06-12"
"132,Bala,49.0,Male,Trivandrum,Camera,20316,4,UPI,2023-12-13"
"133,Chetan,18.0,Female,Kochi,Mobile,36789,2,Cash,2023-12-17"
"134,Jaya,,Male,Hyderabad,Tablet,31493,4,Card,2023-12-27"
"135,Jaya,54.0,Male,Trivandrum,Headphones,33527,4,UPI,2023-10-26"
"136,Jaya,50.0,Male,Chennai,Tablet,18759,5,Card,2023-09-28"
"137,Gopi,28.0,Male,Bangalore,Laptop,45073,4,Card,2023-03-10"
"138,Arun,22.0,Female,Hyderabad,Laptop,32587,5,Cash,2023-03-09"
"139,Jaya,,Female,Bangalore,Tablet,20735,5,Card,2023-02-02"
"140,Isha,,Male,Trivandrum,Mobile,47597,4,Card,2023-03-12"
"141,Arun,47.0,Male,Chennai,Laptop,11902,1,Card,2023-04-19"
"142,Esha,25.0,Female,Hyderabad,Mobile,28369,1,UPI,2023-10-25"
"143,Isha,33.0,Female,Trivandrum,Headphones,25981,1,Cash,2023-11-29"
"144,Jaya,25.0,Female,Kochi,Camera,22040,3,Card,2023-05-08"
"145,Gopi,43.0,Female,Kochi,Tablet,40001,3,UPI,2023-02-17"
"146,Chetan,58.0,Female,Trivandrum,Laptop,47135,5,Card,2023-08-04"
"147,Bala,20.0,Male,Chennai,Tablet,22801,2,UPI,2023-08-23"
"148,Chetan,39.0,Male,Chennai,Mobile,41098,1,Cash,2023-09-07"
"149,Hari,59.0,Male,Chennai,Headphones,49453,3,UPI,2023-10-01"
"150,Gopi,60.0,Male,Bangalore,Headphones,9720,4,UPI,2023-12-08"
"151,Gopi,,Male,Bangalore,Headphones,24098,3,Card,2023-05-21"
"152,Isha,,Female,Chennai,Camera,42991,1,UPI,2023-10-24"
"153,Gopi,19.0,Male,Bangalore,Mobile,2399,3,Cash,2023-04-16"
"154,Arun,,Male,Chennai,Tablet,45482,5,Card,2023-06-27"
"155,Chetan,,Male,Chennai,Headphones,13614,4,UPI,2023-01-12"
"156,Chetan,36.0,Male,Bangalore,Tablet,17408,2,Card,2023-03-03"
"157,Bala,,Female,Chennai,Headphones,35914,4,UPI,2023-03-31"
"158,Hari,,Female,Bangalore,Tablet,24718,2,Card,2023-04-30"
"159,Arun,23.0,Male,Bangalore,Mobile,13860,1,UPI,2023-06-30"
"160,Farhan,56.0,Male,Hyderabad,Camera,6045,4,Card,2023-03-07"
"161,Bala,,Female,Trivandrum,Tablet,44989,1,UPI,2023-12-07"
"162,Chetan,24.0,Male,Bangalore,Tablet,47387,1,Card,2023-02-09"
"163,Arun,44.0,Female,Trivandrum,Tablet,29026,4,UPI,2023-02-28"
"164,Jaya,41.0,Male,Bangalore,Headphones,44203,1,Card,2023-02-10"
"165,Chetan,,Female,Kochi,Mobile,33184,4,Card,2023-06-24"
"166,Esha,,Male,Kochi,Mobile,46236,3,Card,2023-07-24"
"167,Isha,27.0,Male,Bangalore,Laptop,38791,4,Cash,2023-02-25"
"168,Hari,,Male,Trivandrum,Mobile,37707,4,Card,2023-02-08"
"169,Jaya,24.0,Female,Bangalore,Laptop,15025,3,Cash,2023-06-18"
"170,Arun,36.0,Male,Trivandrum,Camera,11897,4,Card,2023-01-09"
"171,Isha,54.0,Male,Chennai,Laptop,26981,1,Card,2023-11-06"
"172,Gopi,19.0,Female,Hyderabad,Mobile,34551,4,UPI,2023-02-15"
"173,Bala,,Female,Trivandrum,Laptop,39730,5,Cash,2023-01-15"
"174,Arun,,Female,Chennai,Mobile,21671,4,Cash,2023-02-16"
"175,Chetan,49.0,Male,Kochi,Camera,47599,5,UPI,2023-05-30"
"176,Arun,,Male,Kochi,Tablet,19076,5,Card,2023-12-22"
"177,Esha,26.0,Female,Trivandrum,Camera,6618,1,Card,2023-05-09"
"178,Bala,31.0,Female,Hyderabad,Headphones,42903,1,Cash,2023-03-25"
"179,Jaya,,Female,Trivandrum,Headphones,26242,2,Card,2023-05-29"
"180,Gopi,,Male,Kochi,Laptop,49073,3,UPI,2023-03-03"
"181,Jaya,,Female,Kochi,Headphones,17947,4,Card,2023-12-10"
"182,Bala,,Male,Hyderabad,Mobile,21412,1,Card,2023-03-04"
"183,Farhan,23.0,Male,Trivandrum,Tablet,20395,1,UPI,2023-09-30"
"184,Isha,,Female,Bangalore,Camera,42875,3,UPI,2023-04-28"
"185,Hari,55.0,Female,Bangalore,Tablet,13590,1,UPI,2023-02-27"
"186,Esha,30.0,Female,Hyderabad,Tablet,43561,3,Cash,2023-06-26"
"187,Chetan,,Male,Trivandrum,Tablet,8065,1,Cash,2023-01-02"
"188,Arun,,Female,Kochi,Laptop,37857,1,Cash,2023-04-24"
"189,Esha,,Male,Chennai,Laptop,34553,4,Card,2023-03-06"
"190,Bala,29.0,Male,Hyderabad,Headphones,42192,5,UPI,2023-02-11"
"191,Divya,,Female,Trivandrum,Laptop,7515,4,UPI,2023-09-03"
"192,Jaya,34.0,Female,Bangalore,Mobile,37231,4,UPI,2023-09-21"
"193,Hari,22.0,Female,Bangalore,Camera,8900,3,Cash,2023-04-25"
"194,Gopi,44.0,Male,Kochi,Laptop,34885,2,Cash,2023-03-19"
"195,Divya,57.0,Male,Bangalore,Camera,7249,5,Card,2023-01-26"
"196,Bala,30.0,Male,Hyderabad,Laptop,37831,2,Cash,2023-01-13"
"197,Isha,35.0,Female,Bangalore,Laptop,24133,5,Cash,2023-01-20"
"198,Hari,,Male,Kochi,Mobile,40652,4,Card,2023-11-01"
"199,Divya,,Male,Trivandrum,Mobile,770,3,Card,2023-02-27"
"200,Divya,24.0,Male,Trivandrum,Camera,11314,4,UPI,2023-01-28"
"201,Bala,57.0,Female,Kochi,Tablet,34200,3,Card,2023-03-18"
"202,Divya,,Female,Trivandrum,Tablet,5477,3,UPI,2023-01-27"
"203,Arun,22.0,Male,Bangalore,Laptop,12375,1,Card,2023-03-04"
"204,Farhan,,Male,Kochi,Mobile,8099,1,UPI,2023-08-21"
"205,Arun,,Male,Hyderabad,Headphones,6320,4,UPI,2023-10-17"
"206,Isha,,Female,Chennai,Tablet,6507,5,UPI,2023-04-22"
"207,Esha,,Male,Bangalore,Camera,18639,5,UPI,2023-04-21"
"208,Farhan,28.0,Male,Hyderabad,Laptop,34073,1,Cash,2023-11-19"
"209,Isha,,Male,Trivandrum,Tablet,39840,4,Cash,2023-09-27"
"210,Isha,42.0,Male,Trivandrum,Camera,39325,4,Cash,2023-05-18"
"211,Hari,56.0,Female,Trivandrum,Headphones,49590,3,Cash,2023-09-09"
"212,Hari,57.0,Female,Bangalore,Camera,20169,2,Card,2023-06-06"
"213,Jaya,,Female,Bangalore,Camera,32227,2,Cash,2023-02-26"
"214,Farhan,56.0,Female,Bangalore,Tablet,49464,2,Cash,2023-08-26"
"215,Esha,48.0,Female,Kochi,Headphones,5373,1,UPI,2023-09-22"
"216,Gopi,35.0,Female,Trivandrum,Laptop,11346,5,UPI,2023-03-27"
"217,Farhan,42.0,Male,Bangalore,Laptop,34865,4,Card,2023-09-06"
"218,Divya,,Male,Hyderabad,Camera,22243,4,Cash,2023-05-25"
"219,Chetan,37.0,Male,Kochi,Laptop,23065,5,Cash,2023-02-15"
"220,Arun,56.0,Female,Chennai,Laptop,4724,1,Cash,2023-04-16"
"221,Isha,22.0,Male,Kochi,Mobile,1645,5,UPI,2023-08-08"
"222,Isha,37.0,Female,Chennai,Camera,26694,3,Cash,2023-01-11"
"223,Farhan,,Female,Chennai,Camera,27545,4,Cash,2023-10-22"
"224,Esha,27.0,Female,Kochi,Headphones,28798,1,Cash,2023-11-15"
"225,Chetan,,Female,Trivandrum,Mobile,37475,2,UPI,2023-09-17"
"226,Divya,,Male,Kochi,Laptop,49070,2,UPI,2023-01-31"
"227,Hari,,Male,Kochi,Headphones,4636,4,Cash,2023-11-12"
"228,Chetan,54.0,Female,Chennai,Camera,24650,3,Cash,2023-03-21"
"229,Esha,,Female,Hyderabad,Laptop,6220,3,Card,2023-11-10"
"230,Gopi,54.0,Female,Kochi,Headphones,6301,5,Cash,2023-09-18"
"231,Chetan,59.0,Female,Hyderabad,Camera,15043,3,Card,2023-10-07"
"232,Gopi,,Male,Kochi,Laptop,34146,1,Card,2023-07-01"
"233,Farhan,,Female,Hyderabad,Mobile,24790,4,UPI,2023-12-30"
"234,Isha,55.0,Male,Hyderabad,Headphones,2950,3,Card,2023-09-23"
"235,Chetan,46.0,Female,Hyderabad,Tablet,12827,4,UPI,2023-07-13"
"236,Esha,34.0,Male,Trivandrum,Tablet,19564,4,Card,2023-02-25"
"237,Farhan,,Male,Bangalore,Mobile,2657,3,Card,2023-05-04"
"238,Farhan,21.0,Female,Hyderabad,Headphones,6628,5,Cash,2023-08-02"
"239,Bala,37.0,Male,Kochi,Tablet,29075,3,UPI,2023-08-12"
"240,Hari,,Female,Chennai,Mobile,8554,1,Card,2023-01-24"
"241,Gopi,,Male,Hyderabad,Tablet,38347,1,UPI,2023-04-16"
"242,Hari,,Male,Chennai,Laptop,2915,1,Card,2023-09-13"
"243,Esha,,Male,Trivandrum,Camera,37896,3,UPI,2023-10-18"
"244,Hari,,Female,Kochi,Headphones,39051,3,Cash,2023-05-26"
"245,Gopi,25.0,Male,Trivandrum,Camera,48024,3,Cash,2023-09-15"
"246,Isha,41.0,Male,Bangalore,Camera,19040,4,Card,2023-05-11"
"247,Gopi,32.0,Male,Hyderabad,Headphones,28825,5,UPI,2023-11-07"
"248,Divya,,Female,Bangalore,Headphones,20452,5,Card,2023-03-18"
"249,Arun,,Male,Hyderabad,Camera,30591,1,UPI,2023-08-26"
"250,Chetan,,Female,Bangalore,Tablet,22392,2,Cash,2023-09-29"
"251,Jaya,53.0,Female,Chennai,Camera,34287,4,Cash,2023-12-17"
"252,Bala,,Male,Chennai,Headphones,36353,1,UPI,2023-02-18"
"253,Bala,,Male,Bangalore,Tablet,35799,1,UPI,2023-11-30"
"254,Jaya,,Male,Hyderabad,Camera,38347,1,Cash,2023-08-25"
"255,Chetan,,Female,Bangalore,Laptop,45387,3,Card,2023-03-19"
"256,Isha,54.0,Male,Kochi,Tablet,22734,1,UPI,2023-03-17"
"257,Arun,,Male,Chennai,Laptop,32588,1,UPI,2023-06-25"
"258,Farhan,18.0,Female,Chennai,Laptop,3161,1,Card,2023-05-24"
"259,Chetan,,Female,Hyderabad,Camera,15037,5,Cash,2023-06-20"
"260,Farhan,,Male,Trivandrum,Headphones,26730,4,Cash,2023-07-13"
"261,Isha,,Female,Bangalore,Mobile,8516,5,UPI,2023-05-14"
"262,Divya,,Female,Bangalore,Camera,19028,5,Card,2023-09-12"
"263,Arun,,Female,Hyderabad,Headphones,34345,2,Cash,2023-06-30"
"264,Jaya,24.0,Female,Hyderabad,Tablet,20416,1,Cash,2023-05-06"
"265,Arun,,Male,Chennai,Tablet,13780,1,UPI,2023-10-26"
"266,Divya,28.0,Male,Chennai,Mobile,32862,4,UPI,2023-06-08"
"267,Chetan,38.0,Female,Hyderabad,Laptop,29079,2,Card,2023-07-08"
"268,Farhan,,Male,Kochi,Headphones,27995,2,Cash,2023-05-23"
"269,Chetan,28.0,Female,Kochi,Camera,33803,4,Card,2023-10-13"
"270,Farhan,,Male,Hyderabad,Headphones,30723,4,Cash,2023-12-07"
"271,Arun,,Female,Bangalore,Mobile,5278,1,Cash,2023-03-30"
"272,Hari,53.0,Female,Trivandrum,Camera,23311,2,Cash,2023-11-05"
"273,Jaya,31.0,Female,Kochi,Headphones,49419,4,Card,2023-01-15"
"274,Bala,,Female,Chennai,Headphones,46780,4,Card,2023-04-03"
"275,Arun,,Male,Chennai,Tablet,13020,3,Card,2023-12-03"
"276,Jaya,29.0,Female,Kochi,Camera,28587,2,Card,2023-09-22"
"277,Chetan,31.0,Male,Hyderabad,Laptop,26537,4,Card,2023-09-29"
"278,Arun,45.0,Female,Hyderabad,Headphones,10500,3,UPI,2023-07-14"
"279,Bala,23.0,Female,Trivandrum,Tablet,29018,4,Card,2023-11-26"
"280,Bala,,Female,Bangalore,Tablet,11667,5,Cash,2023-03-13"
"281,Hari,,Male,Kochi,Tablet,10778,2,Cash,2023-05-20"
"282,Jaya,,Male,Chennai,Headphones,11190,4,Cash,2023-11-17"
"283,Arun,,Female,Bangalore,Camera,35914,3,Cash,2023-04-20"
"284,Hari,,Female,Kochi,Camera,27652,3,Card,2023-08-19"
"285,Jaya,,Female,Kochi,Tablet,38479,4,Cash,2023-10-31"
"286,Isha,,Male,Trivandrum,Camera,33277,4,Card,2023-05-26"
"287,Chetan,,Male,Trivandrum,Camera,37202,5,Card,2023-07-02"
"288,Chetan,,Female,Hyderabad,Laptop,32099,1,Card,2023-02-26"
"289,Divya,55.0,Female,Bangalore,Headphones,20585,1,UPI,2023-08-31"
"290,Chetan,,Female,Hyderabad,Camera,12937,3,Cash,2023-07-02"
"291,Arun,51.0,Male,Chennai,Headphones,39794,5,UPI,2023-09-23"
"292,Hari,47.0,Female,Chennai,Tablet,36757,1,Cash,2023-02-26"
"293,Esha,44.0,Male,Trivandrum,Mobile,48458,4,Cash,2023-04-30"
"294,Farhan,,Female,Kochi,Headphones,40950,2,Cash,2023-07-21"
"295,Gopi,,Male,Trivandrum,Laptop,15681,2,UPI,2023-12-27"
"296,Divya,39.0,Female,Bangalore,Laptop,29885,1,Card,2023-06-08"
"297,Farhan,39.0,Female,Chennai,Tablet,2243,2,UPI,2023-09-22"
"298,Bala,,Female,Hyderabad,Headphones,16440,1,Cash,2023-03-18"
"299,Hari,56.0,Male,Trivandrum,Tablet,2736,3,UPI,2023-11-03"
"300,Gopi,,Male,Chennai,Mobile,14710,3,Card,2023-10-18"
"301,Arun,41.0,Female,Bangalore,Laptop,21456,3,UPI,2023-11-24"
"302,Arun,,Male,Chennai,Headphones,41465,4,Cash,2023-11-26"
"303,Divya,,Male,Hyderabad,Camera,7105,3,Card,2023-08-12"
"304,Arun,,Male,Trivandrum,Tablet,17112,1,UPI,2023-03-04"
"305,Chetan,,Female,Trivandrum,Mobile,33085,1,UPI,2023-09-25"
"306,Jaya,,Female,Hyderabad,Laptop,34906,2,Card,2023-10-13"
"307,Jaya,27.0,Female,Chennai,Laptop,29064,1,Card,2023-03-25"
"308,Divya,27.0,Male,Kochi,Laptop,16900,5,Card,2023-10-28"
"309,Gopi,30.0,Male,Kochi,Laptop,47270,2,Card,2023-04-09"
"310,Farhan,,Male,Kochi,Laptop,40462,5,Card,2023-06-24"
"311,Isha,,Female,Chennai,Mobile,3108,1,UPI,2023-08-23"
"312,Bala,18.0,Male,Chennai,Laptop,1350,1,Card,2023-09-27"
"313,Gopi,53.0,Female,Kochi,Tablet,22698,1,Card,2024-01-01"
"314,Farhan,23.0,Female,Chennai,Mobile,24072,5,UPI,2023-10-20"
"315,Esha,,Male,Kochi,Camera,43087,5,Card,2023-10-31"
"316,Divya,,Female,Hyderabad,Mobile,40641,5,Cash,2023-05-10"
"317,Farhan,,Male,Bangalore,Laptop,9608,5,Card,2023-09-17"
"318,Esha,50.0,Male,Bangalore,Camera,21493,1,UPI,2023-11-17"
"319,Hari,,Female,Kochi,Camera,33350,4,UPI,2023-03-14"
"320,Esha,,Male,Chennai,Tablet,41090,5,UPI,2023-12-25"
"321,Arun,,Male,Bangalore,Mobile,5335,2,Card,2023-09-20"
"322,Esha,58.0,Female,Kochi,Laptop,6956,2,Cash,2023-06-12"
"323,Divya,,Male,Bangalore,Laptop,14086,4,UPI,2023-09-03"
"324,Farhan,,Female,Hyderabad,Tablet,25887,5,Card,2023-02-14"
"325,Gopi,,Female,Kochi,Tablet,7676,2,Card,2023-10-03"
"326,Esha,,Male,Bangalore,Camera,29946,4,Card,2023-03-18"
"327,Hari,57.0,Female,Bangalore,Laptop,40001,2,Cash,2023-03-10"
"328,Farhan,,Male,Bangalore,Camera,7619,1,Card,2023-07-26"
"329,Gopi,,Female,Hyderabad,Camera,46816,3,Cash,2023-11-06"
"330,Chetan,,Female,Bangalore,Laptop,29836,2,Card,2023-09-19"
"331,Hari,30.0,Male,Chennai,Headphones,9979,5,UPI,2023-03-08"
"332,Hari,,Female,Hyderabad,Tablet,19184,3,Cash,2023-10-02"
"333,Hari,42.0,Female,Bangalore,Camera,893,5,Cash,2023-01-03"
"334,Farhan,,Male,Kochi,Mobile,23660,3,Cash,2023-11-20"
"335,Bala,18.0,Female,Hyderabad,Laptop,13279,1,Card,2023-04-04"
"336,Hari,34.0,Female,Hyderabad,Laptop,38990,5,Card,2023-02-03"
"337,Arun,58.0,Female,Chennai,Tablet,41765,2,Card,2023-08-26"
"338,Hari,,Female,Bangalore,Mobile,35038,2,Cash,2023-03-21"
"339,Chetan,44.0,Male,Hyderabad,Headphones,36299,4,Cash,2023-09-14"
"340,Hari,51.0,Male,Kochi,Laptop,5005,1,Card,2023-10-24"
"341,Chetan,,Male,Trivandrum,Camera,15890,5,Card,2023-05-23"
"342,Divya,60.0,Male,Chennai,Tablet,1114,4,Card,2023-06-10"
"343,Hari,,Female,Trivandrum,Camera,23661,5,Card,2023-11-27"
"344,Jaya,,Female,Bangalore,Mobile,8560,1,UPI,2023-12-30"
"345,Hari,,Female,Hyderabad,Tablet,14607,4,Card,2023-06-06"
"346,Isha,58.0,Male,Trivandrum,Tablet,6504,4,Cash,2023-01-23"
"347,Hari,,Female,Bangalore,Tablet,9141,1,UPI,2023-02-16"
"348,Farhan,32.0,Female,Bangalore,Mobile,27908,5,UPI,2023-10-07"
"349,Jaya,54.0,Male,Hyderabad,Mobile,1970,4,UPI,2023-08-12"
"350,Bala,,Male,Bangalore,Camera,49681,5,Cash,2023-01-08"
"351,Farhan,45.0,Male,Chennai,Tablet,39065,4,Card,2023-12-03"
"352,Jaya,57.0,Female,Bangalore,Tablet,45588,5,Card,2023-02-03"
"353,Jaya,24.0,Male,Hyderabad,Headphones,46543,4,UPI,2023-01-01"
"354,Hari,,Male,Bangalore,Mobile,41018,5,Card,2023-07-08"
"355,Arun,,Female,Bangalore,Mobile,8178,1,UPI,2023-01-21"
"356,Divya,60.0,Female,Kochi,Laptop,8363,5,Card,2023-02-26"
"357,Chetan,,Male,Kochi,Camera,4121,1,UPI,2023-02-01"
"358,Gopi,,Female,Chennai,Camera,15811,5,Cash,2023-07-17"
"359,Jaya,,Female,Chennai,Mobile,17195,4,UPI,2023-03-20"
"360,Hari,,Male,Chennai,Camera,7386,4,UPI,2023-04-30"
"361,Farhan,44.0,Male,Chennai,Mobile,42499,3,UPI,2023-01-15"
"362,Isha,56.0,Female,Bangalore,Camera,29038,2,UPI,2023-08-27"
"363,Isha,,Male,Hyderabad,Headphones,47873,4,Card,2023-07-30"
"364,Arun,44.0,Female,Hyderabad,Tablet,1265,5,Cash,2023-06-04"
"365,Chetan,,Female,Chennai,Headphones,41479,1,UPI,2023-02-23"
"366,Bala,38.0,Male,Trivandrum,Headphones,18269,2,Card,2023-01-19"
"367,Farhan,51.0,Female,Kochi,Mobile,47973,5,Cash,2023-08-29"
"368,Arun,31.0,Female,Bangalore,Tablet,5314,4,Cash,2023-09-27"
"369,Gopi,46.0,Male,Kochi,Camera,36704,2,UPI,2023-02-10"
"370,Hari,,Female,Bangalore,Laptop,32419,4,UPI,2023-09-06"
"371,Isha,,Male,Chennai,Headphones,41057,1,UPI,2023-07-02"
"372,Arun,36.0,Male,Kochi,Tablet,27495,5,Cash,2023-12-02"
"373,Farhan,38.0,Female,Hyderabad,Tablet,8474,1,Card,2023-12-02"
"374,Divya,58.0,Female,Chennai,Mobile,46857,1,Card,2023-04-17"
"375,Bala,,Female,Kochi,Tablet,38070,4,Card,2023-02-28"
"376,Farhan,,Female,Chennai,Headphones,26077,4,Card,2023-08-20"
"377,Esha,,Female,Trivandrum,Laptop,38607,2,Cash,2023-08-10"
"378,Farhan,,Female,Hyderabad,Camera,3206,2,Cash,2023-05-10"
"379,Divya,20.0,Female,Chennai,Camera,48111,2,UPI,2023-05-01"
"380,Chetan,,Female,Hyderabad,Headphones,34546,4,Card,2023-04-14"
"381,Isha,,Male,Chennai,Laptop,35190,5,Card,2023-06-04"
"382,Divya,,Male,Hyderabad,Mobile,14282,4,UPI,2023-02-21"
"383,Bala,,Female,Kochi,Mobile,45357,1,Card,2023-08-26"
"384,Arun,20.0,Male,Bangalore,Mobile,48035,4,Cash,2023-01-11"
"385,Isha,30.0,Female,Trivandrum,Laptop,25944,4,Cash,2023-03-28"
"386,Hari,,Female,Bangalore,Headphones,17705,4,Card,2023-06-01"
"387,Arun,,Male,Kochi,Headphones,24038,5,Card,2023-03-07"
"388,Divya,45.0,Female,Trivandrum,Tablet,32495,3,UPI,2023-01-02"
"389,Jaya,,Male,Trivandrum,Camera,3627,5,Cash,2023-03-21"
"390,Bala,51.0,Male,Chennai,Tablet,33268,3,Card,2023-11-16"
"391,Arun,,Male,Trivandrum,Headphones,31684,1,UPI,2023-09-08"
"392,Isha,,Male,Trivandrum,Laptop,38687,4,Card,2023-03-16"
"393,Esha,,Male,Chennai,Headphones,4632,4,Cash,2023-12-15"
"394,Hari,,Female,Bangalore,Headphones,25538,1,UPI,2023-03-18"
"395,Arun,,Female,Chennai,Laptop,41210,2,Card,2023-03-02"
"396,Isha,42.0,Female,Bangalore,Laptop,16961,3,UPI,2023-05-24"
"397,Hari,23.0,Male,Bangalore,Camera,41842,3,UPI,2023-05-31"
"398,Farhan,45.0,Male,Hyderabad,Camera,16178,5,UPI,2023-02-23"
"399,Arun,50.0,Female,Trivandrum,Camera,14267,1,Cash,2023-05-31"
"400,Farhan,21.0,Female,Trivandrum,Camera,18837,2,Cash,2023-11-01"
"401,Farhan,,Female,Hyderabad,Mobile,46761,4,Cash,2023-12-27"
"402,Hari,,Female,Trivandrum,Laptop,2538,3,Cash,2023-10-07"
"403,Gopi,,Female,Trivandrum,Tablet,43066,3,UPI,2023-07-17"
"404,Bala,,Female,Bangalore,Laptop,27380,3,Card,2023-04-01"
"405,Chetan,40.0,Female,Hyderabad,Laptop,28056,3,UPI,2023-11-26"
"406,Isha,31.0,Female,Kochi,Tablet,32056,5,Card,2023-12-24"
"407,Bala,,Male,Kochi,Camera,19047,5,Cash,2023-09-19"
"408,Chetan,19.0,Male,Chennai,Headphones,6231,3,Cash,2023-11-09"
"409,Arun,29.0,Male,Trivandrum,Headphones,7738,1,Card,2023-01-11"
"410,Esha,27.0,Male,Hyderabad,Camera,601,3,UPI,2023-12-18"
"411,Chetan,50.0,Female,Trivandrum,Tablet,7738,4,Card,2023-06-28"
"412,Farhan,,Male,Trivandrum,Tablet,18783,3,Cash,2023-09-23"
"413,Bala,,Female,Trivandrum,Camera,33500,1,Card,2023-09-06"
"414,Jaya,,Female,Kochi,Camera,31040,1,Card,2023-01-25"
"415,Chetan,,Female,Trivandrum,Laptop,45372,3,Card,2023-06-08"
"416,Gopi,,Male,Kochi,Headphones,40852,2,Cash,2023-07-06"
"417,Jaya,49.0,Male,Chennai,Headphones,6145,2,UPI,2023-01-19"
"418,Chetan,,Male,Hyderabad,Headphones,3960,5,UPI,2023-10-05"
"419,Gopi,53.0,Male,Chennai,Laptop,39602,5,Card,2023-04-16"
"420,Bala,55.0,Male,Kochi,Laptop,44282,3,Card,2023-08-31"
"421,Hari,,Female,Chennai,Headphones,30758,1,Cash,2023-01-04"
"422,Divya,,Female,Kochi,Tablet,46912,3,Cash,2023-06-13"
"423,Hari,,Female,Hyderabad,Tablet,40459,2,Card,2023-01-29"
"424,Bala,18.0,Male,Kochi,Mobile,5086,5,Card,2023-02-01"
"425,Isha,35.0,Female,Trivandrum,Tablet,13471,5,Card,2023-09-16"
"426,Gopi,47.0,Male,Hyderabad,Laptop,34112,1,UPI,2023-12-25"
"427,Chetan,19.0,Male,Bangalore,Laptop,917,2,UPI,2023-12-23"
"428,Jaya,58.0,Female,Chennai,Mobile,24348,1,UPI,2023-08-07"
"429,Divya,30.0,Female,Chennai,Mobile,27757,4,UPI,2023-10-18"
"430,Gopi,27.0,Female,Chennai,Headphones,48035,1,UPI,2023-12-03"
"431,Bala,39.0,Male,Trivandrum,Camera,19773,3,Cash,2023-04-28"
"432,Farhan,,Male,Bangalore,Mobile,19683,5,Card,2023-11-12"
"433,Isha,27.0,Female,Trivandrum,Camera,32547,5,UPI,2023-09-21"
"434,Divya,58.0,Female,Chennai,Tablet,26537,5,Cash,2023-08-11"
"435,Hari,49.0,Female,Kochi,Laptop,2965,5,UPI,2023-05-21"
"436,Isha,30.0,Female,Hyderabad,Headphones,41900,3,Card,2023-12-29"
"437,Bala,,Female,Chennai,Camera,41586,2,UPI,2023-05-14"
"438,Jaya,,Female,Bangalore,Headphones,24451,4,Card,2023-10-13"
"439,Bala,25.0,Male,Kochi,Camera,41783,2,Cash,2023-01-24"
"440,Jaya,,Female,Kochi,Headphones,33696,2,Cash,2023-05-29"
"441,Esha,,Male,Hyderabad,Tablet,44748,3,Card,2023-04-03"
"442,Farhan,,Female,Hyderabad,Mobile,39549,5,Cash,2023-07-30"
"443,Jaya,,Male,Kochi,Mobile,39081,3,UPI,2023-12-26"
"444,Isha,,Male,Chennai,Headphones,37417,5,UPI,2023-06-01"
"445,Arun,44.0,Male,Hyderabad,Camera,778,1,Cash,2023-06-12"
"446,Hari,,Female,Chennai,Headphones,40091,5,Cash,2023-09-08"
"447,Chetan,30.0,Female,Trivandrum,Laptop,16816,1,Card,2023-08-19"
"448,Divya,42.0,Female,Bangalore,Laptop,17162,5,UPI,2023-10-03"
"449,Esha,26.0,Female,Trivandrum,Mobile,4361,4,Card,2023-08-16"
"450,Arun,52.0,Male,Kochi,Camera,45980,5,Cash,2023-01-22"
"451,Divya,,Male,Hyderabad,Headphones,25065,2,Card,2023-08-01"
"452,Gopi,,Male,Hyderabad,Camera,40351,5,Cash,2023-01-10"
"453,Chetan,,Male,Chennai,Laptop,17100,5,Cash,2023-07-10"
"454,Chetan,,Male,Kochi,Tablet,1414,2,Cash,2023-07-22"
"455,Arun,31.0,Male,Hyderabad,Mobile,36582,2,Card,2023-08-17"
"456,Divya,,Male,Chennai,Laptop,33416,1,Card,2023-09-20"
"457,Hari,36.0,Male,Chennai,Tablet,3175,3,Card,2023-07-28"
"458,Gopi,29.0,Male,Trivandrum,Laptop,8112,3,Cash,2023-10-26"
"459,Farhan,,Female,Trivandrum,Tablet,15306,1,UPI,2023-01-06"
"460,Chetan,,Female,Bangalore,Mobile,14308,5,Cash,2023-06-02"
"461,Isha,,Female,Chennai,Tablet,45611,1,Card,2023-06-08"
"462,Arun,30.0,Female,Trivandrum,Laptop,33848,2,Cash,2023-10-29"
"463,Bala,,Male,Bangalore,Headphones,21971,4,Cash,2023-07-27"
"464,Chetan,,Female,Bangalore,Mobile,25431,4,UPI,2023-12-22"
"465,Hari,58.0,Female,Hyderabad,Camera,19255,2,Card,2023-12-24"
"466,Jaya,24.0,Female,Bangalore,Laptop,2670,2,Cash,2023-10-23"
"467,Divya,,Male,Hyderabad,Tablet,44913,4,Card,2023-03-10"
"468,Bala,37.0,Female,Hyderabad,Laptop,37882,2,Cash,2023-10-11"
"469,Isha,24.0,Female,Trivandrum,Mobile,8909,5,Card,2023-09-08"
"470,Jaya,,Female,Trivandrum,Tablet,48696,5,Cash,2024-01-01"
"471,Gopi,,Male,Trivandrum,Laptop,1034,1,Card,2023-05-25"
"472,Jaya,58.0,Male,Kochi,Tablet,15807,3,UPI,2023-11-11"
"473,Bala,,Male,Trivandrum,Laptop,10214,4,Cash,2023-09-20"
"474,Esha,25.0,Male,Kochi,Mobile,20408,5,Card,2023-01-23"
"475,Divya,,Male,Kochi,Headphones,49169,5,Card,2023-05-28"
"476,Gopi,,Male,Bangalore,Tablet,29349,2,Cash,2023-02-10"
"477,Divya,,Female,Trivandrum,Laptop,19942,2,Card,2023-10-19"
"478,Esha,42.0,Male,Hyderabad,Mobile,43773,4,UPI,2023-07-24"
"479,Isha,,Male,Trivandrum,Laptop,33031,5,Card,2023-07-02"
"480,Jaya,,Male,Trivandrum,Mobile,4075,5,UPI,2023-05-23"
"481,Esha,,Female,Hyderabad,Mobile,44566,5,Card,2023-10-01"
"482,Hari,,Female,Trivandrum,Tablet,24950,1,Cash,2023-04-11"
"483,Chetan,32.0,Female,Kochi,Mobile,44086,1,Cash,2023-10-31"
"484,Chetan,,Female,Hyderabad,Headphones,26743,5,Card,2023-03-27"
"485,Hari,,Male,Chennai,Tablet,10086,3,Cash,2023-01-15"
"486,Chetan,43.0,Male,Hyderabad,Mobile,25535,5,Card,2023-03-15"
"487,Arun,,Female,Chennai,Tablet,34220,4,UPI,2023-01-29"
"488,Farhan,,Male,Hyderabad,Camera,26024,1,Card,2023-08-11"
"489,Esha,,Female,Hyderabad,Mobile,10458,4,UPI,2023-01-24"
"490,Arun,37.0,Female,Chennai,Camera,20650,3,Cash,2023-03-13"
"491,Bala,,Male,Chennai,Camera,26780,5,Cash,2023-11-20"
"492,Bala,,Female,Kochi,Tablet,7366,2,Cash,2023-10-14"
"493,Arun,,Male,Hyderabad,Laptop,39844,4,Cash,2023-09-12"
"494,Arun,,Female,Kochi,Mobile,44592,5,Card,2023-06-03"
"495,Divya,,Female,Bangalore,Headphones,32586,1,Card,2023-09-19"
"496,Farhan,,Male,Hyderabad,Laptop,46587,2,Cash,2023-02-22"
"497,Bala,52.0,Male,Trivandrum,Mobile,29123,2,UPI,2023-08-12"
"498,Arun,53.0,Female,Chennai,Laptop,36447,1,Card,2023-09-07"
"499,Esha,48.0,Male,Trivandrum,Tablet,43734,2,UPI,2023-10-11"
"500,Bala,26.0,Female,Chennai,Mobile,46559,3,UPI,2023-06-04"
"501,Gopi,41.0,Female,Kochi,Laptop,44990,3,Card,2023-09-10"
"502,Chetan,28.0,Female,Trivandrum,Headphones,44721,2,Cash,2023-04-13"
"503,Gopi,,Female,Chennai,Tablet,33946,2,Card,2023-08-10"
"504,Hari,54.0,Male,Hyderabad,Camera,2142,5,Card,2023-12-26"
"505,Arun,,Male,Bangalore,Headphones,30146,3,UPI,2023-03-28"
"506,Chetan,,Male,Bangalore,Laptop,37487,1,Card,2023-03-23"
"507,Chetan,39.0,Male,Chennai,Camera,18674,3,Cash,2023-12-17"
"508,Esha,,Female,Kochi,Headphones,5045,4,UPI,2023-03-03"
"509,Jaya,22.0,Female,Chennai,Mobile,43665,4,UPI,2023-01-20"
"510,Farhan,45.0,Male,Hyderabad,Laptop,13312,5,UPI,2023-04-06"
"511,Arun,,Male,Trivandrum,Mobile,1316,3,UPI,2023-05-17"
"512,Chetan,58.0,Female,Bangalore,Mobile,48268,4,Cash,2023-09-25"
"513,Gopi,,Female,Hyderabad,Mobile,46132,1,Cash,2023-10-25"
"514,Isha,60.0,Female,Bangalore,Headphones,41741,5,Card,2023-07-22"
"515,Gopi,,Female,Hyderabad,Mobile,39279,3,Card,2023-09-15"
"516,Farhan,44.0,Female,Chennai,Mobile,18786,2,Cash,2023-07-24"
"517,Esha,,Female,Trivandrum,Tablet,13559,3,Card,2023-02-14"
"518,Esha,21.0,Female,Trivandrum,Tablet,32901,4,Cash,2023-03-31"
"519,Chetan,,Female,Kochi,Laptop,20205,3,UPI,2023-07-01"
"520,Chetan,,Female,Trivandrum,Mobile,9439,2,UPI,2023-04-05"
"521,Hari,,Male,Chennai,Mobile,4777,3,Cash,2023-09-14"
"522,Chetan,27.0,Female,Hyderabad,Tablet,18051,2,UPI,2023-11-12"
"523,Divya,,Male,Trivandrum,Camera,35603,1,Cash,2023-04-02"
"524,Farhan,52.0,Female,Trivandrum,Mobile,33311,3,Card,2023-12-02"
"525,Hari,,Female,Chennai,Headphones,27826,3,Cash,2023-05-23"
"526,Farhan,,Female,Bangalore,Mobile,38785,4,UPI,2023-09-17"
"527,Jaya,,Female,Trivandrum,Tablet,32989,5,UPI,2023-03-09"
"528,Bala,,Male,Trivandrum,Headphones,2641,3,Cash,2023-07-12"
"529,Bala,24.0,Male,Hyderabad,Camera,38732,5,Cash,2023-05-25"
"530,Gopi,29.0,Male,Bangalore,Camera,21043,4,UPI,2023-10-17"
"531,Chetan,42.0,Female,Chennai,Camera,17016,2,UPI,2023-04-15"
"532,Divya,41.0,Male,Trivandrum,Laptop,7159,1,UPI,2023-02-12"
"533,Divya,26.0,Female,Kochi,Headphones,35995,5,UPI,2023-08-28"
"534,Farhan,,Male,Chennai,Camera,22225,4,UPI,2023-08-25"
"535,Chetan,33.0,Male,Kochi,Headphones,13234,4,Card,2023-09-09"
"536,Farhan,56.0,Female,Hyderabad,Laptop,48474,5,Card,2023-05-24"
"537,Jaya,49.0,Female,Bangalore,Laptop,24774,4,Card,2023-06-27"
"538,Bala,56.0,Male,Trivandrum,Camera,21881,1,Card,2023-08-18"
"539,Esha,47.0,Male,Kochi,Camera,32266,1,Card,2023-01-10"
"540,Gopi,,Female,Chennai,Camera,36201,3,Card,2023-10-08"
"541,Gopi,26.0,Male,Kochi,Laptop,48954,3,UPI,2023-04-05"
"542,Gopi,,Male,Bangalore,Mobile,38048,2,Cash,2023-03-26"
"543,Arun,,Male,Hyderabad,Tablet,4071,1,Card,2023-07-23"
"544,Chetan,47.0,Female,Bangalore,Laptop,30822,2,Cash,2023-12-14"
"545,Esha,,Female,Hyderabad,Tablet,49339,5,Cash,2023-03-01"
"546,Isha,34.0,Female,Hyderabad,Tablet,9707,4,UPI,2023-06-15"
"547,Chetan,24.0,Male,Hyderabad,Tablet,22500,3,Cash,2023-12-16"
"548,Farhan,38.0,Male,Bangalore,Laptop,46955,2,Card,2023-10-25"
"549,Jaya,,Male,Bangalore,Mobile,43164,4,UPI,2023-03-26"
"550,Bala,22.0,Female,Bangalore,Laptop,11078,1,Cash,2023-08-31"
"551,Hari,,Female,Chennai,Headphones,43943,5,Cash,2023-06-18"
"552,Chetan,,Male,Trivandrum,Camera,39796,4,Card,2023-12-23"
"553,Esha,,Male,Kochi,Mobile,39921,2,Cash,2023-01-31"
"554,Jaya,20.0,Male,Kochi,Mobile,18376,2,UPI,2023-01-01"
"555,Arun,,Female,Kochi,Camera,12281,2,Card,2023-12-04"
"556,Bala,26.0,Male,Bangalore,Tablet,29690,5,Cash,2023-11-21"
"557,Gopi,,Female,Kochi,Laptop,19104,5,Card,2023-10-21"
"558,Isha,23.0,Female,Chennai,Tablet,15741,5,Cash,2023-05-20"
"559,Hari,,Female,Trivandrum,Headphones,26915,2,Card,2023-07-31"
"560,Isha,,Male,Kochi,Laptop,40677,2,Card,2023-07-31"
"561,Divya,,Female,Bangalore,Headphones,29036,1,UPI,2023-06-25"
"562,Hari,27.0,Male,Hyderabad,Headphones,14098,2,Cash,2023-12-27"
"563,Gopi,,Female,Chennai,Tablet,9663,2,Card,2023-12-26"
"564,Farhan,,Male,Kochi,Tablet,639,4,Card,2023-04-08"
"565,Arun,28.0,Male,Kochi,Laptop,26606,4,Cash,2023-11-18"
"566,Esha,,Female,Trivandrum,Laptop,22377,2,UPI,2023-04-07"
"567,Hari,,Male,Kochi,Camera,16765,2,UPI,2023-04-10"
"568,Hari,,Male,Hyderabad,Headphones,583,4,Cash,2023-07-22"
"569,Arun,31.0,Male,Hyderabad,Tablet,2026,3,Cash,2023-04-21"
"570,Divya,27.0,Female,Chennai,Laptop,17630,4,Cash,2023-10-18"
"571,Hari,,Female,Bangalore,Camera,37786,4,Cash,2023-06-23"
"572,Arun,21.0,Male,Hyderabad,Camera,32854,2,Card,2023-10-09"
"573,Isha,58.0,Male,Hyderabad,Headphones,13181,1,Card,2023-03-28"
"574,Chetan,43.0,Female,Hyderabad,Headphones,17565,2,Card,2023-03-25"
"575,Farhan,27.0,Female,Hyderabad,Mobile,6078,3,Card,2023-10-16"
"576,Esha,,Female,Bangalore,Tablet,12128,3,Card,2023-01-01"
"577,Isha,,Female,Hyderabad,Headphones,31266,2,Cash,2023-07-05"
"578,Divya,,Female,Kochi,Tablet,13352,5,Cash,2023-09-13"
"579,Bala,,Female,Bangalore,Camera,48759,5,UPI,2023-12-12"
"580,Farhan,,Male,Hyderabad,Laptop,23091,2,UPI,2023-10-25"
"581,Bala,55.0,Female,Kochi,Tablet,6837,4,UPI,2023-03-07"
"582,Farhan,,Male,Kochi,Tablet,39376,1,Cash,2023-12-24"
"583,Hari,31.0,Female,Hyderabad,Camera,13000,5,UPI,2023-09-24"
"584,Esha,44.0,Female,Trivandrum,Mobile,23903,1,Card,2023-04-13"
"585,Gopi,,Female,Trivandrum,Laptop,33161,2,Card,2023-02-10"
"586,Isha,,Female,Trivandrum,Mobile,11827,2,Cash,2023-09-17"
"587,Jaya,,Male,Trivandrum,Camera,24325,5,UPI,2023-09-11"
"588,Gopi,33.0,Female,Hyderabad,Camera,10455,3,Cash,2023-08-22"
"589,Esha,55.0,Female,Kochi,Headphones,11288,2,Cash,2023-02-12"
"590,Arun,,Male,Kochi,Mobile,16510,4,Cash,2023-07-24"
"591,Gopi,34.0,Female,Hyderabad,Laptop,28795,4,UPI,2023-04-30"
"592,Divya,,Male,Kochi,Mobile,5536,1,UPI,2023-06-15"
"593,Hari,,Male,Kochi,Mobile,24777,1,UPI,2023-02-20"
"594,Divya,47.0,Male,Trivandrum,Camera,5375,1,Cash,2023-09-28"
"595,Jaya,,Male,Chennai,Headphones,20918,1,Cash,2023-10-26"
"596,Divya,,Male,Chennai,Headphones,40545,2,Cash,2023-06-26"
"597,Isha,32.0,Female,Chennai,Camera,26148,2,UPI,2023-03-01"
"598,Bala,35.0,Female,Kochi,Laptop,33289,2,Cash,2023-06-02"
"599,Hari,,Male,Hyderabad,Camera,17852,1,Card,2023-03-17"
"600,Chetan,,Male,Trivandrum,Headphones,35903,1,Card,2023-01-10"
"601,Farhan,,Male,Trivandrum,Mobile,18040,5,UPI,2023-06-04"
"602,Gopi,22.0,Female,Hyderabad,Headphones,46870,3,Card,2023-07-24"
"603,Bala,,Male,Hyderabad,Headphones,20031,5,Cash,2023-11-30"
"604,Esha,33.0,Male,Kochi,Tablet,22811,3,Cash,2023-05-12"
"605,Farhan,51.0,Male,Trivandrum,Mobile,27512,2,UPI,2023-12-08"
"606,Chetan,,Male,Trivandrum,Tablet,42240,5,UPI,2023-11-08"
"607,Isha,18.0,Female,Kochi,Camera,4738,5,Cash,2023-07-13"
"608,Divya,,Male,Kochi,Tablet,41138,5,Card,2023-10-25"
"609,Divya,42.0,Female,Bangalore,Headphones,38731,5,Card,2023-09-30"
"610,Isha,48.0,Male,Hyderabad,Camera,45095,3,UPI,2023-04-25"
"611,Arun,,Female,Kochi,Headphones,3115,2,Card,2023-11-10"
"612,Isha,,Female,Bangalore,Laptop,1358,4,Cash,2023-01-27"
"613,Hari,26.0,Male,Chennai,Tablet,23215,1,Cash,2023-11-01"
"614,Arun,32.0,Female,Kochi,Headphones,18243,3,Cash,2023-08-17"
"615,Hari,43.0,Female,Bangalore,Headphones,39693,3,UPI,2023-02-01"
"616,Gopi,41.0,Male,Bangalore,Laptop,2469,1,Cash,2023-10-10"
"617,Farhan,,Female,Chennai,Camera,30518,2,Card,2023-02-12"
"618,Esha,58.0,Male,Bangalore,Laptop,7422,5,UPI,2023-06-04"
"619,Farhan,,Male,Hyderabad,Headphones,35402,1,Cash,2023-04-08"
"620,Bala,37.0,Male,Bangalore,Mobile,43791,2,UPI,2023-10-19"
"621,Arun,,Male,Bangalore,Laptop,26389,4,Card,2023-01-05"
"622,Bala,,Female,Hyderabad,Camera,3621,3,UPI,2023-08-05"
"623,Gopi,56.0,Female,Kochi,Laptop,6497,5,UPI,2023-05-06"
"624,Hari,,Male,Chennai,Tablet,6601,1,Cash,2023-03-22"
"625,Jaya,20.0,Female,Kochi,Mobile,4343,4,Card,2023-12-23"
"626,Divya,,Female,Trivandrum,Laptop,32958,3,Cash,2023-03-30"
"627,Jaya,34.0,Female,Hyderabad,Mobile,31649,3,UPI,2023-07-19"
"628,Esha,26.0,Male,Kochi,Laptop,41811,2,Card,2023-03-14"
"629,Arun,,Female,Bangalore,Mobile,27627,5,Card,2023-03-24"
"630,Farhan,,Female,Chennai,Mobile,45733,1,Card,2023-07-20"
"631,Gopi,,Male,Hyderabad,Tablet,27328,3,Cash,2023-11-17"
"632,Hari,,Female,Kochi,Laptop,28377,3,Card,2023-11-16"
"633,Chetan,,Female,Bangalore,Tablet,44326,1,Cash,2023-12-05"
"634,Arun,25.0,Female,Trivandrum,Headphones,44355,5,Card,2023-02-18"
"635,Esha,34.0,Female,Trivandrum,Mobile,48650,5,Card,2023-05-01"
"636,Esha,,Male,Trivandrum,Tablet,28615,2,Cash,2023-03-23"
"637,Divya,,Female,Chennai,Tablet,21434,4,Card,2023-08-22"
"638,Gopi,,Male,Chennai,Tablet,18201,3,UPI,2023-09-11"
"639,Arun,35.0,Female,Hyderabad,Laptop,33888,2,Card,2023-06-04"
"640,Farhan,,Male,Bangalore,Camera,24559,3,Cash,2023-09-06"
"641,Isha,,Female,Hyderabad,Mobile,33419,3,Cash,2023-05-11"
"642,Esha,,Female,Chennai,Tablet,13685,2,Card,2023-07-27"
"643,Isha,,Male,Trivandrum,Laptop,27537,2,Card,2023-12-12"
"644,Chetan,23.0,Female,Trivandrum,Tablet,19213,5,Cash,2023-11-12"
"645,Arun,,Male,Chennai,Headphones,47185,4,Cash,2023-08-07"
"646,Bala,,Female,Bangalore,Laptop,44063,5,UPI,2023-06-07"
"647,Bala,,Female,Bangalore,Laptop,29960,2,Cash,2023-10-25"
"648,Esha,35.0,Male,Trivandrum,Headphones,7966,4,Cash,2023-08-03"
"649,Isha,59.0,Male,Hyderabad,Tablet,21470,3,Cash,2023-05-30"
"650,Chetan,28.0,Male,Hyderabad,Tablet,28157,2,UPI,2023-06-29"
"651,Hari,30.0,Female,Hyderabad,Tablet,15663,3,Cash,2023-06-19"
"652,Bala,,Female,Chennai,Mobile,49278,4,UPI,2023-09-08"
"653,Isha,55.0,Male,Hyderabad,Headphones,40732,4,Card,2023-09-17"
"654,Isha,,Male,Trivandrum,Mobile,44727,1,Card,2023-11-18"
"655,Farhan,32.0,Male,Chennai,Tablet,32786,4,UPI,2023-01-02"
"656,Bala,,Female,Bangalore,Laptop,4226,5,Cash,2023-05-31"
"657,Gopi,,Female,Trivandrum,Mobile,28221,5,Card,2023-09-20"
"658,Esha,,Female,Bangalore,Laptop,27078,4,Card,2023-06-20"
"659,Esha,30.0,Male,Chennai,Tablet,49906,4,Card,2023-12-10"
"660,Divya,40.0,Female,Chennai,Headphones,27758,4,UPI,2023-11-24"
"661,Hari,,Male,Kochi,Laptop,38960,4,Cash,2023-04-13"
"662,Arun,,Male,Bangalore,Headphones,21620,2,UPI,2023-11-30"
"663,Divya,,Female,Kochi,Mobile,45377,2,Cash,2023-05-12"
"664,Hari,,Male,Hyderabad,Headphones,29159,3,Card,2023-04-20"
"665,Chetan,,Female,Bangalore,Mobile,44743,3,Card,2023-03-09"
"666,Isha,,Male,Bangalore,Headphones,38162,1,Cash,2023-07-19"
"667,Hari,,Female,Trivandrum,Laptop,23442,2,Cash,2023-12-03"
"668,Gopi,31.0,Female,Bangalore,Camera,41586,5,UPI,2023-07-10"
"669,Divya,33.0,Female,Kochi,Camera,49786,3,Card,2023-06-19"
"670,Jaya,,Female,Chennai,Mobile,4237,1,Card,2023-09-10"
"671,Hari,59.0,Male,Bangalore,Laptop,7868,5,Card,2023-10-14"
"672,Farhan,,Male,Kochi,Camera,16310,2,Card,2023-03-07"
"673,Gopi,,Male,Trivandrum,Headphones,32441,5,Cash,2023-05-06"
"674,Farhan,,Female,Kochi,Tablet,43953,1,Card,2023-10-16"
"675,Chetan,32.0,Female,Hyderabad,Laptop,28551,2,Cash,2023-04-24"
"676,Chetan,30.0,Female,Chennai,Camera,24712,2,Cash,2023-03-05"
"677,Divya,,Male,Trivandrum,Headphones,13381,1,Cash,2023-01-23"
"678,Divya,46.0,Female,Trivandrum,Mobile,33385,5,Cash,2023-01-10"
"679,Farhan,18.0,Male,Chennai,Headphones,11209,3,UPI,2023-11-23"
"680,Gopi,29.0,Male,Chennai,Laptop,31436,4,Cash,2023-05-08"
"681,Isha,32.0,Male,Hyderabad,Laptop,5741,1,Cash,2023-02-26"
"682,Gopi,,Female,Trivandrum,Camera,19978,2,Card,2023-11-01"
"683,Esha,,Male,Trivandrum,Laptop,5927,4,Cash,2023-02-05"
"684,Jaya,46.0,Female,Hyderabad,Camera,36607,4,Card,2023-01-18"
"685,Esha,,Female,Bangalore,Tablet,42956,3,Card,2023-12-23"
"686,Isha,,Male,Trivandrum,Laptop,11511,4,Cash,2023-02-25"
"687,Esha,50.0,Female,Bangalore,Mobile,22733,5,Cash,2023-11-22"
"688,Arun,,Male,Hyderabad,Camera,47363,3,Card,2023-03-10"
"689,Arun,,Female,Bangalore,Tablet,3569,3,Card,2023-06-19"
"690,Gopi,58.0,Female,Trivandrum,Mobile,15548,4,UPI,2023-05-26"
"691,Arun,39.0,Female,Hyderabad,Tablet,7029,2,Cash,2023-10-23"
"692,Esha,,Male,Chennai,Mobile,38340,2,Card,2023-06-05"
"693,Hari,,Male,Chennai,Laptop,18518,2,Card,2023-03-20"
"694,Farhan,,Male,Chennai,Mobile,4163,3,Cash,2023-07-30"
"695,Esha,55.0,Female,Trivandrum,Mobile,20663,5,Card,2023-12-04"
"696,Hari,,Female,Trivandrum,Headphones,7467,1,Card,2023-11-12"
"697,Chetan,,Female,Kochi,Camera,4821,2,UPI,2023-08-20"
"698,Gopi,,Female,Chennai,Laptop,15697,1,Cash,2023-12-02"
"699,Divya,32.0,Male,Chennai,Camera,31340,4,Cash,2023-05-31"
"700,Arun,,Male,Trivandrum,Camera,4942,2,UPI,2023-05-15"
"701,Esha,,Female,Trivandrum,Laptop,29063,3,Card,2023-05-21"
"702,Jaya,37.0,Female,Hyderabad,Laptop,11723,2,UPI,2023-09-20"
"703,Isha,,Female,Kochi,Mobile,27639,2,UPI,2023-04-18"
"704,Chetan,,Male,Chennai,Camera,30319,4,Cash,2023-03-11"
"705,Chetan,,Female,Trivandrum,Laptop,20421,5,Card,2023-08-11"
"706,Isha,54.0,Male,Bangalore,Laptop,27792,1,Card,2023-12-15"
"707,Arun,57.0,Male,Kochi,Camera,34393,1,Card,2023-08-21"
"708,Chetan,52.0,Male,Trivandrum,Headphones,4445,4,Card,2023-01-01"
"709,Divya,,Male,Bangalore,Mobile,8037,5,UPI,2023-06-05"
"710,Esha,,Male,Kochi,Camera,38844,5,Card,2023-04-05"
"711,Esha,,Female,Chennai,Headphones,26786,3,Cash,2023-11-22"
"712,Chetan,31.0,Male,Kochi,Laptop,14348,4,Cash,2023-09-13"
"713,Farhan,,Female,Chennai,Camera,24767,2,UPI,2023-09-03"
"714,Gopi,60.0,Female,Bangalore,Laptop,49457,2,Cash,2023-09-25"
"715,Hari,,Female,Bangalore,Camera,14265,2,Cash,2023-05-30"
"716,Bala,,Female,Kochi,Camera,39866,3,Card,2023-08-21"
"717,Jaya,,Female,Hyderabad,Headphones,1293,4,Cash,2023-08-27"
"718,Hari,55.0,Male,Bangalore,Mobile,46348,1,UPI,2023-04-14"
"719,Jaya,,Male,Kochi,Camera,29389,1,UPI,2023-09-13"
"720,Chetan,,Female,Hyderabad,Laptop,8560,5,Card,2023-11-27"
"721,Bala,29.0,Female,Bangalore,Tablet,45328,4,Cash,2023-05-29"
"722,Hari,35.0,Male,Trivandrum,Laptop,26353,4,UPI,2023-09-09"
"723,Chetan,46.0,Male,Hyderabad,Tablet,12836,3,UPI,2023-09-12"
"724,Hari,,Male,Chennai,Laptop,45065,2,UPI,2023-07-17"
"725,Isha,38.0,Male,Chennai,Headphones,3202,4,Card,2023-10-27"
"726,Farhan,,Female,Bangalore,Headphones,9370,5,UPI,2023-11-14"
"727,Divya,37.0,Male,Kochi,Mobile,639,5,Cash,2023-03-17"
"728,Divya,,Male,Chennai,Tablet,7289,3,Card,2023-02-01"
"729,Jaya,36.0,Female,Bangalore,Laptop,46641,1,UPI,2023-12-04"
"730,Hari,20.0,Male,Trivandrum,Laptop,2474,1,Cash,2023-03-30"
"731,Divya,,Male,Hyderabad,Laptop,3860,1,UPI,2023-06-07"
"732,Isha,31.0,Male,Chennai,Mobile,43262,4,UPI,2023-07-21"
"733,Jaya,43.0,Male,Trivandrum,Camera,4464,3,Cash,2023-11-09"
"734,Jaya,51.0,Female,Chennai,Headphones,21073,3,UPI,2023-07-01"
"735,Isha,,Female,Hyderabad,Mobile,4374,3,UPI,2023-02-01"
"736,Esha,,Male,Chennai,Mobile,39692,5,Card,2023-06-02"
"737,Bala,28.0,Female,Trivandrum,Mobile,30890,2,Cash,2023-03-14"
"738,Hari,21.0,Female,Bangalore,Headphones,529,2,Card,2023-08-11"
"739,Gopi,,Female,Kochi,Headphones,31129,2,Cash,2023-06-02"
"740,Isha,,Female,Hyderabad,Camera,2652,1,Cash,2023-07-31"
"741,Jaya,,Male,Hyderabad,Laptop,48115,4,UPI,2023-05-02"
"742,Chetan,,Male,Kochi,Mobile,34952,1,Cash,2023-07-16"
"743,Farhan,,Female,Chennai,Camera,9351,1,Card,2023-03-26"
"744,Farhan,,Male,Trivandrum,Camera,14125,3,Card,2023-10-10"
"745,Jaya,20.0,Female,Hyderabad,Tablet,4331,2,Card,2023-09-02"
"746,Farhan,56.0,Male,Chennai,Laptop,35497,3,Card,2023-07-29"
"747,Jaya,,Male,Bangalore,Mobile,7556,1,Card,2023-11-18"
"748,Gopi,19.0,Male,Chennai,Mobile,34428,4,Card,2023-08-09"
"749,Gopi,,Female,Bangalore,Laptop,1787,4,Cash,2023-10-07"
"750,Chetan,43.0,Male,Kochi,Mobile,4618,2,Cash,2023-08-02"
"751,Farhan,19.0,Female,Trivandrum,Headphones,18190,5,Cash,2023-06-28"
"752,Chetan,45.0,Male,Bangalore,Headphones,39258,1,UPI,2023-07-13"
"753,Divya,,Male,Hyderabad,Mobile,25992,1,UPI,2023-03-19"
"754,Bala,,Female,Hyderabad,Headphones,40301,5,Cash,2023-12-26"
"755,Gopi,31.0,Female,Hyderabad,Laptop,20020,3,UPI,2023-07-12"
"756,Hari,30.0,Female,Chennai,Tablet,36217,5,Cash,2023-04-08"
"757,Bala,,Female,Bangalore,Headphones,4646,5,Card,2023-04-25"
"758,Jaya,24.0,Female,Kochi,Headphones,21787,4,Cash,2023-01-06"
"759,Farhan,43.0,Male,Bangalore,Mobile,36267,5,UPI,2024-01-01"
"760,Esha,59.0,Male,Trivandrum,Headphones,27514,3,Card,2023-12-03"
"761,Jaya,,Male,Hyderabad,Laptop,14311,2,Card,2023-06-27"
"762,Jaya,47.0,Male,Bangalore,Tablet,19884,2,UPI,2023-04-05"
"763,Gopi,54.0,Female,Hyderabad,Tablet,18411,2,Card,2023-12-06"
"764,Isha,,Male,Chennai,Laptop,5899,4,Card,2023-02-11"
"765,Jaya,,Male,Hyderabad,Laptop,5712,3,Card,2023-11-21"
"766,Jaya,58.0,Male,Kochi,Tablet,22891,3,Cash,2023-04-03"
"767,Gopi,45.0,Female,Hyderabad,Mobile,35635,3,Cash,2023-03-05"
"768,Hari,47.0,Female,Bangalore,Headphones,26401,2,Card,2023-09-06"
"769,Farhan,56.0,Male,Chennai,Headphones,21212,3,Card,2023-04-13"
"770,Jaya,,Male,Hyderabad,Laptop,33472,4,UPI,2023-07-26"
"771,Isha,33.0,Male,Hyderabad,Camera,42926,4,UPI,2023-01-21"
"772,Chetan,29.0,Male,Kochi,Camera,14966,4,UPI,2023-09-20"
"773,Farhan,,Male,Hyderabad,Camera,42499,2,Cash,2023-07-14"
"774,Isha,,Female,Bangalore,Mobile,3645,3,UPI,2023-12-09"
"775,Farhan,,Female,Kochi,Tablet,43787,3,Cash,2023-12-11"
"776,Jaya,,Male,Bangalore,Laptop,15370,3,Cash,2023-09-20"
"777,Hari,,Male,Kochi,Camera,9356,5,Cash,2023-03-11"
"778,Chetan,,Male,Trivandrum,Tablet,39815,4,UPI,2023-11-02"
"779,Bala,,Female,Kochi,Mobile,34172,5,Cash,2023-08-17"
"780,Hari,29.0,Male,Trivandrum,Mobile,20052,1,Cash,2023-02-01"
"781,Esha,,Male,Trivandrum,Tablet,6775,4,Card,2023-02-19"
"782,Farhan,58.0,Female,Hyderabad,Headphones,34106,4,UPI,2023-11-02"
"783,Arun,42.0,Female,Hyderabad,Headphones,6508,3,Cash,2023-07-18"
"784,Arun,,Male,Bangalore,Headphones,35875,1,UPI,2023-08-28"
"785,Jaya,,Female,Trivandrum,Tablet,29379,2,Cash,2023-10-18"
"786,Arun,50.0,Female,Chennai,Mobile,34571,1,Card,2023-11-06"
"787,Esha,41.0,Male,Kochi,Tablet,45070,2,Card,2023-11-11"
"788,Jaya,,Female,Kochi,Camera,4565,5,UPI,2023-06-08"
"789,Jaya,22.0,Male,Kochi,Mobile,25440,1,UPI,2023-03-25"
"790,Chetan,,Female,Hyderabad,Camera,41380,3,Card,2023-07-15"
"791,Arun,,Male,Kochi,Camera,25503,2,Card,2023-09-02"
"792,Bala,,Male,Trivandrum,Camera,13892,1,Card,2023-05-03"
"793,Bala,,Male,Bangalore,Headphones,47530,3,UPI,2023-10-21"
"794,Divya,,Male,Chennai,Headphones,40182,1,Card,2023-01-25"
"795,Gopi,32.0,Male,Bangalore,Tablet,3672,2,Cash,2023-12-10"
"796,Esha,,Female,Bangalore,Mobile,23044,1,Card,2023-06-07"
"797,Jaya,55.0,Female,Hyderabad,Mobile,9513,5,Cash,2023-12-25"
"798,Farhan,,Male,Bangalore,Headphones,21027,4,Card,2023-12-07"
"799,Chetan,,Female,Trivandrum,Tablet,23730,2,UPI,2023-01-20"
"800,Gopi,,Male,Hyderabad,Headphones,36526,2,Cash,2023-10-14"
"801,Esha,42.0,Female,Kochi,Tablet,17597,5,UPI,2023-01-05"
"802,Arun,,Male,Trivandrum,Camera,46956,4,UPI,2023-04-02"
"803,Farhan,59.0,Male,Kochi,Mobile,41798,4,UPI,2023-04-05"
"804,Farhan,,Male,Kochi,Headphones,33799,2,Card,2023-12-12"
"805,Isha,54.0,Male,Bangalore,Laptop,40708,1,UPI,2023-10-11"
"806,Esha,,Female,Kochi,Camera,35601,1,Cash,2023-03-13"
"807,Esha,55.0,Male,Kochi,Headphones,28741,5,UPI,2023-11-04"
"808,Bala,59.0,Female,Trivandrum,Headphones,21658,1,Cash,2023-10-21"
"809,Chetan,41.0,Female,Trivandrum,Tablet,26737,2,Cash,2023-03-13"
"810,Hari,51.0,Female,Kochi,Tablet,40795,4,Card,2023-01-19"
"811,Esha,,Male,Chennai,Headphones,18788,5,UPI,2023-02-23"
"812,Esha,,Male,Chennai,Tablet,19688,1,Cash,2023-02-26"
"813,Farhan,,Female,Chennai,Tablet,25870,4,Cash,2023-08-24"
"814,Chetan,,Male,Bangalore,Tablet,27618,3,Cash,2023-12-14"
"815,Chetan,,Female,Chennai,Camera,19566,2,Card,2023-03-30"
"816,Isha,56.0,Male,Hyderabad,Camera,39837,3,UPI,2023-12-03"
"817,Hari,,Male,Hyderabad,Laptop,33291,4,Cash,2023-06-04"
"818,Hari,41.0,Female,Chennai,Headphones,7775,1,Card,2023-08-24"
"819,Gopi,58.0,Female,Hyderabad,Camera,3250,1,UPI,2023-09-26"
"820,Esha,52.0,Female,Trivandrum,Laptop,19508,4,UPI,2023-11-21"
"821,Chetan,47.0,Male,Chennai,Headphones,42458,2,Card,2023-02-28"
"822,Arun,,Female,Bangalore,Headphones,955,5,UPI,2023-12-08"
"823,Farhan,26.0,Female,Bangalore,Camera,2113,3,UPI,2023-09-23"
"824,Isha,,Male,Chennai,Tablet,12229,2,Cash,2023-09-25"
"825,Chetan,,Male,Kochi,Laptop,48334,1,Cash,2023-11-12"
"826,Gopi,,Male,Kochi,Headphones,10261,1,UPI,2023-12-28"
"827,Gopi,,Male,Bangalore,Headphones,13227,1,Card,2023-07-12"
"828,Farhan,37.0,Female,Kochi,Mobile,21740,2,UPI,2023-06-03"
"829,Esha,,Male,Trivandrum,Headphones,32478,3,Card,2023-06-09"
"830,Farhan,,Female,Bangalore,Headphones,14599,5,UPI,2023-01-16"
"831,Isha,,Male,Hyderabad,Tablet,20238,1,Card,2023-04-04"
"832,Esha,59.0,Male,Bangalore,Laptop,11163,2,UPI,2023-10-31"
"833,Esha,31.0,Male,Trivandrum,Mobile,17436,3,UPI,2023-11-14"
"834,Farhan,,Female,Bangalore,Mobile,9019,3,Cash,2023-04-22"
"835,Jaya,51.0,Female,Kochi,Mobile,36238,2,Card,2023-01-31"
"836,Bala,56.0,Female,Bangalore,Headphones,19856,1,Card,2023-05-29"
"837,Esha,,Female,Hyderabad,Laptop,10795,1,Card,2023-05-01"
"838,Isha,,Female,Trivandrum,Headphones,33671,2,Cash,2023-11-18"
"839,Jaya,35.0,Female,Hyderabad,Camera,13535,1,UPI,2023-12-07"
"840,Bala,,Female,Bangalore,Camera,17602,1,Cash,2023-09-03"
"841,Arun,49.0,Female,Kochi,Camera,30431,5,Card,2023-03-07"
"842,Isha,,Male,Chennai,Tablet,14339,3,Cash,2023-12-17"
"843,Isha,,Male,Hyderabad,Laptop,26288,5,UPI,2023-09-27"
"844,Farhan,50.0,Male,Hyderabad,Headphones,20621,1,UPI,2023-08-31"
"845,Farhan,46.0,Female,Kochi,Laptop,33916,4,Cash,2023-08-14"
"846,Farhan,58.0,Male,Kochi,Headphones,29892,3,UPI,2023-06-26"
"847,Farhan,,Male,Bangalore,Camera,3694,2,UPI,2023-10-25"
"848,Arun,,Male,Chennai,Laptop,35677,5,UPI,2023-10-14"
"849,Isha,,Male,Hyderabad,Tablet,40751,1,Card,2023-03-25"
"850,Bala,,Male,Chennai,Headphones,41914,4,Card,2023-04-15"
"851,Hari,,Male,Trivandrum,Camera,7465,5,UPI,2023-10-30"
"852,Divya,41.0,Male,Kochi,Camera,6525,1,Card,2023-05-04"
"853,Arun,43.0,Female,Hyderabad,Laptop,32578,5,Card,2023-02-03"
"854,Isha,,Female,Bangalore,Camera,12408,5,Cash,2023-01-21"
"855,Arun,,Male,Trivandrum,Headphones,35865,1,UPI,2023-08-02"
"856,Gopi,40.0,Male,Kochi,Laptop,26879,2,Cash,2023-04-11"
"857,Hari,44.0,Female,Kochi,Mobile,41169,1,Cash,2023-05-15"
"858,Esha,48.0,Female,Hyderabad,Headphones,29256,5,UPI,2023-10-06"
"859,Esha,54.0,Male,Hyderabad,Camera,12916,2,Cash,2023-06-29"
"860,Hari,,Male,Hyderabad,Headphones,26578,1,Cash,2023-01-15"
"861,Divya,23.0,Female,Hyderabad,Headphones,23769,2,Card,2023-09-13"
"862,Jaya,47.0,Female,Trivandrum,Mobile,11183,2,Card,2023-06-14"
"863,Farhan,41.0,Female,Bangalore,Camera,38135,5,Cash,2023-09-27"
"864,Chetan,,Female,Hyderabad,Mobile,29940,3,Cash,2023-12-26"
"865,Jaya,,Male,Kochi,Headphones,2325,3,Card,2023-03-26"
"866,Hari,,Female,Chennai,Camera,6289,1,UPI,2023-09-22"
"867,Chetan,,Male,Hyderabad,Headphones,5391,5,Cash,2023-06-23"
"868,Bala,52.0,Male,Kochi,Camera,27745,3,Card,2023-02-21"
"869,Chetan,,Male,Bangalore,Headphones,23962,2,UPI,2023-12-16"
"870,Isha,,Female,Trivandrum,Camera,22496,3,Card,2023-03-02"
"871,Bala,40.0,Male,Kochi,Laptop,23743,3,Card,2023-12-23"
"872,Jaya,,Female,Hyderabad,Headphones,25359,4,Card,2023-11-19"
"873,Jaya,,Female,Trivandrum,Camera,19324,3,UPI,2023-04-05"
"874,Bala,,Male,Hyderabad,Headphones,40951,3,Card,2023-07-06"
"875,Jaya,,Female,Bangalore,Headphones,41735,3,Card,2023-02-16"
"876,Isha,56.0,Female,Hyderabad,Camera,8431,4,Cash,2023-07-15"
"877,Bala,,Male,Kochi,Tablet,14546,5,Cash,2023-06-26"
"878,Esha,55.0,Female,Hyderabad,Headphones,33755,3,UPI,2023-07-01"
"879,Farhan,,Female,Kochi,Camera,24059,5,Cash,2023-08-31"
"880,Chetan,,Female,Kochi,Headphones,34046,3,Cash,2023-01-18"
"881,Divya,25.0,Female,Chennai,Headphones,40326,5,Cash,2023-02-04"
"882,Isha,26.0,Female,Kochi,Laptop,18756,3,Card,2023-04-28"
"883,Hari,24.0,Female,Chennai,Tablet,3437,2,Card,2023-06-30"
"884,Isha,43.0,Female,Bangalore,Tablet,29171,3,UPI,2023-05-09"
"885,Gopi,19.0,Female,Chennai,Camera,11580,4,Cash,2023-12-23"
"886,Farhan,41.0,Female,Hyderabad,Laptop,25129,4,Card,2023-10-04"
"887,Gopi,,Female,Trivandrum,Laptop,31110,1,UPI,2023-12-10"
"888,Jaya,19.0,Female,Trivandrum,Camera,831,2,Cash,2023-11-09"
"889,Hari,23.0,Male,Trivandrum,Headphones,49907,1,Card,2023-08-11"
"890,Jaya,,Female,Bangalore,Headphones,4217,4,UPI,2023-02-26"
"891,Jaya,34.0,Female,Chennai,Laptop,37708,5,Cash,2023-12-14"
"892,Esha,,Female,Bangalore,Headphones,29285,5,Cash,2023-03-17"
"893,Farhan,53.0,Male,Trivandrum,Laptop,40095,1,Card,2023-06-21"
"894,Hari,,Male,Chennai,Camera,21445,3,UPI,2023-02-06"
"895,Chetan,47.0,Male,Hyderabad,Headphones,8427,3,Cash,2023-10-11"
"896,Jaya,54.0,Female,Chennai,Tablet,39672,3,Card,2023-08-26"
"897,Isha,,Male,Trivandrum,Headphones,2578,4,Card,2023-11-26"
"898,Arun,,Female,Hyderabad,Tablet,14701,2,Cash,2023-10-30"
"899,Farhan,,Female,Hyderabad,Mobile,10181,2,Card,2023-05-05"
"900,Farhan,47.0,Female,Hyderabad,Headphones,8599,4,Card,2023-05-02"
"901,Hari,47.0,Female,Bangalore,Laptop,26569,5,Card,2023-07-08"
"902,Arun,,Female,Trivandrum,Tablet,34726,1,Cash,2023-07-17"
"903,Gopi,50.0,Female,Chennai,Laptop,37970,1,UPI,2023-07-30"
"904,Divya,,Female,Bangalore,Laptop,35752,1,Card,2023-06-29"
"905,Bala,30.0,Female,Kochi,Laptop,45180,2,UPI,2023-04-17"
"906,Divya,32.0,Male,Chennai,Camera,26565,2,UPI,2023-02-13"
"907,Bala,34.0,Female,Trivandrum,Mobile,30509,3,Cash,2024-01-01"
"908,Gopi,33.0,Female,Kochi,Headphones,23405,2,Card,2023-02-26"
"909,Esha,,Male,Chennai,Headphones,7596,1,UPI,2023-03-30"
"910,Bala,,Female,Bangalore,Tablet,8051,1,UPI,2023-12-22"
"911,Farhan,,Female,Hyderabad,Laptop,38248,4,Cash,2023-12-11"
"912,Jaya,27.0,Male,Bangalore,Headphones,40958,1,Card,2023-04-07"
"913,Farhan,,Male,Chennai,Laptop,22586,5,Card,2023-02-20"
"914,Arun,38.0,Male,Hyderabad,Mobile,19611,4,Cash,2023-06-30"
"915,Bala,28.0,Male,Trivandrum,Mobile,16802,1,Card,2023-07-30"
"916,Jaya,,Male,Bangalore,Mobile,48409,2,UPI,2023-09-22"
"917,Chetan,48.0,Female,Trivandrum,Camera,47278,3,UPI,2023-02-22"
"918,Gopi,,Male,Trivandrum,Headphones,27158,2,Card,2023-09-29"
"919,Jaya,58.0,Female,Bangalore,Laptop,22083,5,Card,2023-02-21"
"920,Isha,55.0,Male,Kochi,Camera,11124,5,UPI,2023-02-13"
"921,Gopi,38.0,Male,Bangalore,Headphones,30168,1,Card,2023-08-04"
"922,Isha,,Female,Chennai,Headphones,20474,1,Cash,2023-02-24"
"923,Divya,55.0,Female,Trivandrum,Headphones,15759,5,Card,2023-01-23"
"924,Bala,31.0,Female,Bangalore,Camera,35984,4,Cash,2023-01-24"
"925,Bala,35.0,Female,Kochi,Tablet,48343,1,Card,2023-12-26"
"926,Esha,,Male,Bangalore,Camera,43595,1,Card,2024-01-01"
"927,Arun,54.0,Male,Chennai,Mobile,15073,4,Card,2023-12-07"
"928,Farhan,20.0,Female,Bangalore,Camera,22989,2,UPI,2023-03-29"
"929,Farhan,30.0,Female,Chennai,Tablet,30885,4,Card,2023-12-20"
"930,Farhan,,Female,Kochi,Camera,29294,5,Cash,2023-02-04"
"931,Divya,,Female,Chennai,Camera,48701,2,Cash,2023-05-13"
"932,Divya,35.0,Female,Bangalore,Laptop,23367,3,Cash,2023-01-17"
"933,Divya,53.0,Female,Hyderabad,Mobile,34169,2,Cash,2023-10-20"
"934,Isha,48.0,Male,Kochi,Laptop,4059,2,UPI,2023-03-07"
"935,Arun,,Male,Kochi,Camera,5270,3,Cash,2023-03-18"
"936,Esha,,Female,Trivandrum,Mobile,43855,5,Cash,2023-01-22"
"937,Gopi,31.0,Female,Trivandrum,Mobile,27697,4,UPI,2023-11-15"
"938,Isha,,Female,Kochi,Headphones,26238,1,Card,2023-02-26"
"939,Arun,,Male,Chennai,Tablet,45085,1,Card,2023-10-14"
"940,Arun,,Female,Hyderabad,Laptop,23736,1,UPI,2023-06-06"
"941,Hari,50.0,Female,Hyderabad,Tablet,24946,1,Cash,2023-08-20"
"942,Chetan,28.0,Male,Kochi,Tablet,41931,3,Cash,2023-11-23"
"943,Chetan,21.0,Male,Bangalore,Mobile,31433,4,Card,2023-01-26"
"944,Farhan,26.0,Male,Hyderabad,Mobile,15733,4,UPI,2023-05-28"
"945,Gopi,31.0,Female,Bangalore,Camera,4882,3,Cash,2023-06-23"
"946,Divya,,Female,Trivandrum,Headphones,6002,4,Card,2023-12-10"
"947,Hari,,Female,Bangalore,Laptop,32247,5,UPI,2023-12-05"
"948,Bala,,Female,Kochi,Mobile,27453,2,Cash,2023-06-17"
"949,Gopi,,Male,Trivandrum,Tablet,27888,1,Cash,2023-12-06"
"950,Farhan,26.0,Female,Hyderabad,Camera,20794,3,Cash,2023-08-29"
"951,Gopi,40.0,Male,Kochi,Laptop,37248,5,Card,2023-09-04"
"952,Esha,,Female,Trivandrum,Mobile,1795,3,UPI,2023-08-04"
"953,Gopi,,Female,Bangalore,Camera,9295,3,Cash,2023-06-26"
"954,Hari,,Female,Kochi,Laptop,47911,3,Card,2023-11-16"
"955,Bala,,Female,Hyderabad,Camera,34940,3,UPI,2023-08-22"
"956,Hari,41.0,Male,Bangalore,Headphones,29399,2,Cash,2023-08-19"
"957,Jaya,,Female,Trivandrum,Headphones,43825,2,Card,2023-09-06"
"958,Bala,,Male,Bangalore,Laptop,30442,4,UPI,2023-06-20"
"959,Isha,32.0,Female,Bangalore,Headphones,10696,1,Cash,2023-11-27"
"960,Hari,28.0,Female,Hyderabad,Laptop,9102,4,Cash,2023-04-27"
"961,Isha,32.0,Female,Kochi,Headphones,32855,5,Cash,2023-01-10"
"962,Farhan,,Male,Kochi,Laptop,29592,5,Card,2023-01-23"
"963,Farhan,44.0,Female,Bangalore,Headphones,43669,3,UPI,2023-04-13"
"964,Esha,,Male,Hyderabad,Headphones,6334,3,UPI,2023-06-22"
"965,Bala,,Male,Bangalore,Mobile,34840,3,Cash,2023-09-26"
"966,Bala,51.0,Female,Bangalore,Mobile,43787,1,UPI,2023-09-05"
"967,Isha,26.0,Male,Chennai,Tablet,5462,4,Cash,2023-08-26"
"968,Divya,41.0,Male,Hyderabad,Laptop,35873,3,Card,2023-10-09"
"969,Esha,45.0,Male,Hyderabad,Mobile,41955,3,UPI,2023-04-01"
"970,Bala,,Female,Kochi,Laptop,15831,1,UPI,2023-05-14"
"971,Farhan,53.0,Female,Chennai,Headphones,9804,2,Card,2023-11-23"
"972,Hari,20.0,Male,Bangalore,Camera,7999,3,Card,2023-12-07"
"973,Bala,,Male,Bangalore,Mobile,9397,1,Card,2023-12-07"
"974,Isha,,Male,Bangalore,Camera,40999,5,UPI,2023-12-19"
"975,Isha,40.0,Male,Chennai,Camera,40009,1,UPI,2023-09-12"
"976,Chetan,,Female,Hyderabad,Headphones,12664,2,UPI,2023-09-03"
"977,Arun,,Male,Chennai,Headphones,47592,3,Cash,2023-10-09"
"978,Chetan,24.0,Male,Chennai,Mobile,1915,2,Cash,2023-02-28"
"979,Chetan,53.0,Female,Kochi,Mobile,26282,3,Cash,2023-12-09"
"980,Divya,39.0,Male,Bangalore,Tablet,23793,3,Cash,2023-12-23"
"981,Farhan,,Male,Hyderabad,Mobile,47144,5,Cash,2023-01-24"
"982,Jaya,45.0,Female,Bangalore,Tablet,42268,4,Cash,2023-11-13"
"983,Divya,,Male,Trivandrum,Mobile,11819,3,UPI,2023-03-14"
"984,Esha,20.0,Female,Hyderabad,Camera,6391,2,UPI,2023-06-07"
"985,Jaya,21.0,Male,Trivandrum,Laptop,42937,4,Cash,2023-01-12"
"986,Bala,,Female,Kochi,Laptop,2624,2,Cash,2023-12-05"
"987,Isha,,Female,Trivandrum,Headphones,35137,1,Cash,2023-12-30"
"988,Divya,,Female,Trivandrum,Headphones,36833,5,Cash,2023-07-09"
"989,Arun,59.0,Female,Bangalore,Tablet,15545,1,Cash,2023-05-19"
"990,Bala,37.0,Female,Kochi,Headphones,32028,1,Cash,2023-12-02"
"991,Chetan,,Male,Bangalore,Tablet,20789,4,Cash,2023-12-28"
"992,Arun,,Female,Chennai,Camera,26556,5,Card,2023-03-14"
"993,Chetan,34.0,Female,Kochi,Camera,22180,3,UPI,2023-06-07"
"994,Jaya,24.0,Female,Chennai,Mobile,12780,1,UPI,2023-07-28"
"995,Isha,38.0,Male,Hyderabad,Laptop,16463,5,Card,2023-03-26"
"996,Chetan,,Female,Hyderabad,Tablet,29084,5,Cash,2023-06-13"
"997,Farhan,35.0,Male,Chennai,Mobile,18051,4,Card,2023-06-06"
"998,Chetan,,Female,Chennai,Headphones,39070,3,Card,2023-03-03"
"999,Arun,39.0,Female,Hyderabad,Camera,8705,3,Cash,2023-06-27"
"1000,Bala,,Male,Hyderabad,Laptop,41259,2,Card,2023-08-05"
"235,Chetan,46.0,Female,Hyderabad,Tablet,12827,4,UPI,2023-07-13"
"515,Gopi,,Female,Hyderabad,Mobile,39279,3,Card,2023-09-15"
"791,Arun,,Male,Kochi,Camera,25503,2,Card,2023-09-02"
"241,Gopi,,Male,Hyderabad,Tablet,38347,1,UPI,2023-04-16"
"89,Jaya,26.0,Male,Hyderabad,Tablet,19104,2,UPI,2023-09-26"
"90,Farhan,55.0,Male,Trivandrum,Headphones,34986,4,Cash,2023-05-06"
"240,Hari,,Female,Chennai,Mobile,8554,1,Card,2023-01-24"
"286,Isha,,Male,Trivandrum,Camera,33277,4,Card,2023-05-26"
"390,Bala,51.0,Male,Chennai,Tablet,33268,3,Card,2023-11-16"
"670,Jaya,,Female,Chennai,Mobile,4237,1,Card,2023-09-10"
"658,Esha,,Female,Bangalore,Laptop,27078,4,Card,2023-06-20"
"406,Isha,31.0,Female,Kochi,Tablet,32056,5,Card,2023-12-24"
"938,Isha,,Female,Kochi,Headphones,26238,1,Card,2023-02-26"
"338,Hari,,Female,Bangalore,Mobile,35038,2,Cash,2023-03-21"
"986,Bala,,Female,Kochi,Laptop,2624,2,Cash,2023-12-05"
"278,Arun,45.0,Female,Hyderabad,Headphones,10500,3,UPI,2023-07-14"
"993,Chetan,34.0,Female,Kochi,Camera,22180,3,UPI,2023-06-07"
"466,Jaya,24.0,Female,Bangalore,Laptop,2670,2,Cash,2023-10-23"
"888,Jaya,19.0,Female,Trivandrum,Camera,831,2,Cash,2023-11-09"
"318,Esha,50.0,Male,Bangalore,Camera,21493,1,UPI,2023-11-17"
"309,Gopi,30.0,Male,Kochi,Laptop,47270,2,Card,2023-04-09"
"871,Bala,40.0,Male,Kochi,Laptop,23743,3,Card,2023-12-23"
"452,Gopi,,Male,Hyderabad,Camera,40351,5,Cash,2023-01-10"
"913,Farhan,,Male,Chennai,Laptop,22586,5,Card,2023-02-20"
"299,Hari,56.0,Male,Trivandrum,Tablet,2736,3,UPI,2023-11-03"
"308,Divya,27.0,Male,Kochi,Laptop,16900,5,Card,2023-10-28"
"562,Hari,27.0,Male,Hyderabad,Headphones,14098,2,Cash,2023-12-27"
"404,Bala,,Female,Bangalore,Laptop,27380,3,Card,2023-04-01"
"741,Jaya,,Male,Hyderabad,Laptop,48115,4,UPI,2023-05-02"
"384,Arun,20.0,Male,Bangalore,Mobile,48035,4,Cash,2023-01-11"
"42,Hari,,Female,Chennai,Camera,11661,2,Cash,2023-02-22"
"328,Farhan,,Male,Bangalore,Camera,7619,1,Card,2023-07-26"
"289,Divya,55.0,Female,Bangalore,Headphones,20585,1,UPI,2023-08-31"
"712,Chetan,31.0,Male,Kochi,Laptop,14348,4,Cash,2023-09-13"
"183,Farhan,23.0,Male,Trivandrum,Tablet,20395,1,UPI,2023-09-30"
"636,Esha,,Male,Trivandrum,Tablet,28615,2,Cash,2023-03-23"
"497,Bala,52.0,Male,Trivandrum,Mobile,29123,2,UPI,2023-08-12"
"816,Isha,56.0,Male,Hyderabad,Camera,39837,3,UPI,2023-12-03"
"343,Hari,,Female,Trivandrum,Camera,23661,5,Card,2023-11-27"
"311,Isha,,Female,Chennai,Mobile,3108,1,UPI,2023-08-23"
"904,Divya,,Female,Bangalore,Laptop,35752,1,Card,2023-06-29"
"910,Bala,,Female,Bangalore,Tablet,8051,1,UPI,2023-12-22"
"134,Jaya,,Male,Hyderabad,Tablet,31493,4,Card,2023-12-27"
"57,Gopi,,Male,Kochi,Camera,24035,2,Card,2023-11-20"
"826,Gopi,,Male,Kochi,Headphones,10261,1,UPI,2023-12-28"
"300,Gopi,,Male,Chennai,Mobile,14710,3,Card,2023-10-18"
"833,Esha,31.0,Male,Trivandrum,Mobile,17436,3,UPI,2023-11-14"
"176,Arun,,Male,Kochi,Tablet,19076,5,Card,2023-12-22"
"897,Isha,,Male,Trivandrum,Headphones,2578,4,Card,2023-11-26"
"600,Chetan,,Male,Trivandrum,Headphones,35903,1,Card,2023-01-10"