Customer_ID,Name,Age,Gender,City,Product,Price,Quantity,Payment_Mode,Purchase_Date,Total_amount,Age_Group,Year,Month,Regions
1,Chetan,39,Male,Chennai,Laptop,45042,3,UPI,2023-07-08,135126,36-50,2023,7,South
2,Bala,39,Female,Hyderabad,Tablet,16621,5,Cash,2023-12-20,83105,36-50,2023,12,South
3,Jaya,39,Female,Hyderabad,Laptop,30794,1,Card,2023-07-04,30794,36-50,2023,7,South
4,Hari,39,Male,Hyderabad,Laptop,49912,2,Cash,2023-06-29,99824,36-50,2023,6,South
5,Isha,39,Male,Kochi,Tablet,20258,2,Cash,2023-10-08,40516,36-50,2023,10,South
6,Farhan,39,Male,Kochi,Camera,25157,1,Cash,2023-01-09,25157,36-50,2023,1,South
7,Arun,39,Male,Trivandrum,Camera,18287,1,Cash,2023-02-04,18287,36-50,2023,2,
8,Isha,39,Female,Bangalore,Laptop,49675,5,UPI,2023-05-25,248375,36-50,2023,5,
9,Divya,39,Male,Chennai,Headphones,5485,3,Card,2023-12-08,16455,36-50,2023,12,South
10,Chetan,39,Male,Bangalore,Camera,25442,4,Card,2023-12-24,101768,36-50,2023,12,
11,Gopi,39,Female,Bangalore,Laptop,12669,3,Cash,2023-08-30,38007,36-50,2023,8,
12,Arun,39,Male,Bangalore,Tablet,5233,1,Cash,2023-07-28,5233,36-50,2023,7,
13,Arun,39,Female,Kochi,Headphones,23958,5,Cash,2023-04-07,119790,36-50,2023,4,South
14,Isha,39,Male,Hyderabad,Headphones,5112,3,UPI,2023-11-21,15336,36-50,2023,11,South
15,Bala,39,Male,Kochi,Camera,42843,1,Card,2023-11-13,42843,36-50,2023,11,South
16,Gopi,39,Male,Chennai,Tablet,12415,5,UPI,2023-01-21,62075,36-50,2023,1,South
17,Jaya,39,Female,Bangalore,Mobile,44114,3,UPI,2023-02-20,132342,36-50,2023,2,
18,Esha,39,Female,Bangalore,Camera,5617,2,Cash,2023-12-30,11234,36-50,2023,12,
19,Esha,39,Male,Trivandrum,Camera,27198,3,Cash,2023-04-04,81594,36-50,2023,4,
20,Farhan,39,Male,Kochi,Headphones,41910,1,UPI,2023-11-25,41910,36-50,2023,11,South
21,Farhan,39,Female,Bangalore,Mobile,30531,5,Cash,2023-11-14,152655,36-50,2023,11,
22,Esha,39,Male,Kochi,Laptop,16418,2,Card,2023-05-22,32836,36-50,2023,5,South
23,Farhan,39,Female,Hyderabad,Tablet,42936,3,Card,2023-02-01,128808,36-50,2023,2,South
24,Hari,39,Female,Trivandrum,Laptop,13315,4,UPI,2023-01-06,53260,36-50,2023,1,
25,Arun,39,Female,Chennai,Headphones,45381,4,UPI,2023-08-22,181524,36-50,2023,8,South
26,Arun,39,Male,Bangalore,Headphones,8056,5,UPI,2023-08-18,40280,36-50,2023,8,
27,Hari,39,Male,Trivandrum,Tablet,5110,2,Cash,2023-09-25,10220,36-50,2023,9,
28,Arun,39,Male,Bangalore,Tablet,11152,1,Cash,2023-10-11,11152,36-50,2023,10,
29,Gopi,39,Male,Bangalore,Mobile,37959,3,UPI,2023-07-18,113877,36-50,2023,7,
30,Bala,39,Female,Trivandrum,Mobile,21779,2,Card,2023-09-16,43558,36-50,2023,9,
31,Divya,39,Male,Chennai,Mobile,1663,2,Card,2023-04-03,3326,36-50,2023,4,South
32,Jaya,39,Male,Trivandrum,Headphones,4635,4,UPI,2023-09-05,18540,36-50,2023,9,
33,Hari,39,Female,Chennai,Camera,32828,4,UPI,2023-02-13,131312,36-50,2023,2,South
34,Chetan,39,Female,Bangalore,Tablet,34752,4,Card,2023-11-03,139008,36-50,2023,11,
35,Hari,39,Female,Trivandrum,Laptop,14127,5,Cash,2023-05-14,70635,36-50,2023,5,
36,Farhan,39,Female,Kochi,Laptop,38922,4,Cash,2023-04-21,155688,36-50,2023,4,South
37,Esha,39,Female,Kochi,Tablet,37986,5,UPI,2023-09-11,189930,36-50,2023,9,South
38,Farhan,39,Female,Chennai,Laptop,40694,5,UPI,2023-12-15,203470,36-50,2023,12,South
39,Divya,39,Male,Trivandrum,Tablet,30124,1,Card,2023-10-05,30124,36-50,2023,10,
40,Bala,39,Male,Kochi,Laptop,10069,1,Card,2023-01-04,10069,36-50,2023,1,South
41,Divya,39,Male,Kochi,Tablet,15878,5,UPI,2023-12-02,79390,36-50,2023,12,South
42,Hari,39,Female,Chennai,Camera,11661,2,Cash,2023-02-22,23322,36-50,2023,2,South
43,Esha,39,Male,Hyderabad,Camera,43358,2,Cash,2023-12-29,86716,36-50,2023,12,South
44,Arun,39,Female,Hyderabad,Tablet,13352,5,Card,2023-01-20,66760,36-50,2023,1,South
45,Isha,39,Female,Bangalore,Headphones,578,4,UPI,2023-10-06,2312,36-50,2023,10,
46,Hari,39,Male,Hyderabad,Laptop,19005,2,Card,2023-07-27,38010,36-50,2023,7,South
47,Farhan,39,Male,Hyderabad,Headphones,48551,3,Cash,2023-02-08,145653,36-50,2023,2,South
48,Bala,39,Female,Kochi,Headphones,21462,5,Cash,2023-02-27,107310,36-50,2023,2,South
49,Divya,39,Female,Chennai,Camera,40418,2,UPI,2023-01-21,80836,36-50,2023,1,South
50,Farhan,39,Male,Kochi,Headphones,37486,4,Card,2023-04-14,149944,36-50,2023,4,South
51,Hari,39,Male,Hyderabad,Camera,9014,4,UPI,2023-08-31,36056,36-50,2023,8,South
52,Bala,39,Female,Trivandrum,Tablet,37375,3,UPI,2023-11-07,112125,36-50,2023,11,
53,Chetan,39,Male,Trivandrum,Tablet,25349,4,UPI,2023-02-24,101396,36-50,2023,2,
54,Chetan,39,Female,Trivandrum,Headphones,24362,2,Cash,2023-11-06,48724,36-50,2023,11,
55,Esha,39,Male,Chennai,Camera,25724,2,UPI,2023-06-02,51448,36-50,2023,6,South
56,Chetan,39,Female,Kochi,Laptop,40500,2,UPI,2023-11-01,81000,36-50,2023,11,South
57,Gopi,39,Male,Kochi,Camera,24035,2,Card,2023-11-20,48070,36-50,2023,11,South
58,Hari,39,Female,Bangalore,Headphones,45281,2,Cash,2023-02-12,90562,36-50,2023,2,
59,Bala,39,Male,Trivandrum,Headphones,43389,1,UPI,2023-01-12,43389,36-50,2023,1,
60,Hari,39,Male,Chennai,Laptop,2300,5,Card,2023-04-23,11500,36-50,2023,4,South
61,Chetan,39,Female,Kochi,Camera,35654,3,Cash,2023-07-07,106962,36-50,2023,7,South
62,Farhan,39,Male,Hyderabad,Laptop,25637,1,Cash,2023-11-05,25637,36-50,2023,11,South
63,Gopi,39,Female,Kochi,Tablet,17699,2,Cash,2023-03-15,35398,36-50,2023,3,South
64,Hari,39,Female,Bangalore,Laptop,10785,3,UPI,2023-12-05,32355,36-50,2023,12,
65,Arun,39,Female,Chennai,Camera,41637,2,Cash,2023-02-16,83274,36-50,2023,2,South
66,Gopi,39,Female,Hyderabad,Camera,49626,5,Card,2023-03-22,248130,36-50,2023,3,South
67,Chetan,39,Female,Chennai,Laptop,13449,5,Card,2023-10-29,67245,36-50,2023,10,South
68,Esha,39,Female,Hyderabad,Mobile,3029,3,Cash,2023-10-31,9087,36-50,2023,10,South
69,Bala,39,Female,Hyderabad,Laptop,10075,1,Cash,2023-06-12,10075,36-50,2023,6,South
70,Arun,39,Female,Bangalore,Mobile,29230,1,Card,2023-06-10,29230,36-50,2023,6,
71,Arun,39,Male,Chennai,Headphones,33369,2,Card,2023-09-30,66738,36-50,2023,9,South
72,Arun,39,Male,Chennai,Tablet,25454,2,Card,2023-06-12,50908,36-50,2023,6,South
73,Bala,39,Male,Kochi,Camera,18245,2,Card,2023-02-20,36490,36-50,2023,2,South
74,Arun,39,Female,Trivandrum,Headphones,46243,1,Cash,2023-08-30,46243,36-50,2023,8,
75,Isha,39,Female,Kochi,Laptop,16323,1,Cash,2023-07-07,16323,36-50,2023,7,South
76,Jaya,39,Female,Hyderabad,Headphones,23412,2,Cash,2023-11-08,46824,36-50,2023,11,South
77,Jaya,39,Male,Kochi,Mobile,34478,4,UPI,2023-06-02,137912,36-50,2023,6,South
78,Chetan,39,Female,Hyderabad,Tablet,45671,3,Cash,2023-04-02,137013,36-50,2023,4,South
79,Arun,39,Male,Hyderabad,Camera,44861,4,Cash,2023-08-19,179444,36-50,2023,8,South
80,Esha,39,Male,Trivandrum,Mobile,16184,1,Card,2023-10-21,16184,36-50,2023,10,
81,Divya,39,Female,Bangalore,Headphones,48741,2,UPI,2023-12-29,97482,36-50,2023,12,
82,Divya,39,Male,Hyderabad,Camera,37706,2,Card,2023-08-05,75412,36-50,2023,8,South
83,Hari,39,Female,Kochi,Laptop,14921,5,UPI,2023-04-01,74605,36-50,2023,4,South
84,Jaya,39,Male,Bangalore,Tablet,14853,5,Cash,2023-07-25,74265,36-50,2023,7,
85,Chetan,39,Male,Trivandrum,Laptop,10539,5,Cash,2023-10-21,52695,36-50,2023,10,
86,Farhan,39,Female,Trivandrum,Mobile,9990,3,UPI,2023-04-16,29970,36-50,2023,4,
87,Jaya,39,Male,Chennai,Laptop,45384,1,Card,2023-05-27,45384,36-50,2023,5,South
88,Jaya,39,Female,Bangalore,Headphones,39262,5,Cash,2023-11-23,196310,36-50,2023,11,
89,Jaya,39,Male,Hyderabad,Tablet,19104,2,UPI,2023-09-26,38208,36-50,2023,9,South
90,Farhan,39,Male,Trivandrum,Headphones,34986,4,Cash,2023-05-06,139944,36-50,2023,5,
91,Divya,39,Male,Chennai,Mobile,40863,2,Card,2023-04-15,81726,36-50,2023,4,South
92,Isha,39,Female,Bangalore,Headphones,3342,2,Cash,2023-11-13,6684,36-50,2023,11,
93,Isha,39,Male,Chennai,Headphones,34731,5,Cash,2023-11-24,173655,36-50,2023,11,South
94,Hari,39,Female,Hyderabad,Laptop,23392,2,Cash,2023-07-07,46784,36-50,2023,7,South
95,Isha,39,Female,Chennai,Camera,3392,5,UPI,2023-04-04,16960,36-50,2023,4,South
96,Bala,39,Male,Trivandrum,Camera,862,3,UPI,2023-08-11,2586,36-50,2023,8,
97,Gopi,39,Female,Trivandrum,Laptop,47671,5,UPI,2023-09-06,238355,36-50,2023,9,
98,Divya,39,Female,Bangalore,Laptop,37859,5,UPI,2023-04-18,189295,36-50,2023,4,
99,Hari,39,Female,Chennai,Camera,11133,4,Card,2023-02-24,44532,36-50,2023,2,South
100,Farhan,39,Male,Hyderabad,Headphones,39008,5,Card,2023-12-22,195040,36-50,2023,12,South
101,Arun,39,Female,Chennai,Mobile,47867,2,UPI,2023-07-26,95734,36-50,2023,7,South
102,Esha,39,Female,Chennai,Camera,21618,5,Cash,2023-02-12,108090,36-50,2023,2,South
103,Chetan,39,Female,Kochi,Tablet,42929,1,Card,2023-08-17,42929,36-50,2023,8,South
104,Gopi,39,Female,Chennai,Mobile,20544,3,UPI,2023-06-11,61632,36-50,2023,6,South
105,Isha,39,Female,Chennai,Camera,19150,4,Card,2023-01-24,76600,36-50,2023,1,South
106,Divya,39,Female,Chennai,Camera,26655,4,UPI,2023-05-30,106620,36-50,2023,5,South
107,Divya,39,Male,Kochi,Laptop,15589,1,UPI,2023-02-02,15589,36-50,2023,2,South
108,Arun,39,Female,Trivandrum,Mobile,3832,5,Cash,2023-06-28,19160,36-50,2023,6,
109,Chetan,39,Female,Kochi,Tablet,1682,4,UPI,2023-07-12,6728,36-50,2023,7,South
110,Jaya,39,Male,Kochi,Headphones,35579,2,Cash,2023-07-15,71158,36-50,2023,7,South
111,Esha,39,Female,Hyderabad,Camera,8449,3,UPI,2023-12-31,25347,36-50,2023,12,South
112,Chetan,39,Male,Kochi,Tablet,30976,1,UPI,2023-11-06,30976,36-50,2023,11,South
113,Isha,39,Male,Trivandrum,Headphones,8669,3,Cash,2023-02-04,26007,36-50,2023,2,
114,Hari,39,Male,Kochi,Laptop,13822,4,Cash,2023-02-25,55288,36-50,2023,2,South
115,Jaya,39,Male,Kochi,Mobile,31391,3,UPI,2023-12-24,94173,36-50,2023,12,South
116,Chetan,39,Male,Chennai,Tablet,13088,1,Card,2023-09-25,13088,36-50,2023,9,South
117,Isha,39,Male,Trivandrum,Headphones,44660,1,Cash,2023-06-27,44660,36-50,2023,6,
118,Jaya,39,Female,Kochi,Laptop,22614,1,UPI,2023-09-15,22614,36-50,2023,9,South
119,Chetan,39,Male,Bangalore,Headphones,11958,5,Card,2023-07-10,59790,36-50,2023,7,
120,Chetan,39,Male,Chennai,Laptop,1427,4,Card,2023-12-04,5708,36-50,2023,12,South
121,Divya,39,Female,Trivandrum,Headphones,17811,2,Card,2023-09-13,35622,36-50,2023,9,
122,Isha,39,Female,Hyderabad,Camera,23491,3,Cash,2023-04-20,70473,36-50,2023,4,South
123,Bala,39,Male,Trivandrum,Laptop,11056,5,Card,2023-05-16,55280,36-50,2023,5,
124,Isha,39,Female,Trivandrum,Camera,42203,3,UPI,2023-04-03,126609,36-50,2023,4,
125,Esha,39,Female,Bangalore,Laptop,31452,3,Card,2023-12-20,94356,36-50,2023,12,
126,Hari,39,Female,Bangalore,Laptop,4459,5,UPI,2023-09-01,22295,36-50,2023,9,
127,Farhan,39,Female,Bangalore,Laptop,30868,3,Card,2023-09-29,92604,36-50,2023,9,
128,Isha,39,Male,Chennai,Camera,45412,4,Card,2023-03-27,181648,36-50,2023,3,South
129,Chetan,39,Male,Hyderabad,Camera,32162,2,Card,2023-11-23,64324,36-50,2023,11,South
130,Jaya,39,Male,Kochi,Camera,3399,3,Card,2023-04-18,10197,36-50,2023,4,South
131,Bala,39,Female,Hyderabad,Tablet,9243,3,UPI,2023-06-12,27729,36-50,2023,6,South
132,Bala,39,Male,Trivandrum,Camera,20316,4,UPI,2023-12-13,81264,36-50,2023,12,
133,Chetan,39,Female,Kochi,Mobile,36789,2,Cash,2023-12-17,73578,36-50,2023,12,South
134,Jaya,39,Male,Hyderabad,Tablet,31493,4,Card,2023-12-27,125972,36-50,2023,12,South
135,Jaya,39,Male,Trivandrum,Headphones,33527,4,UPI,2023-10-26,134108,36-50,2023,10,
136,Jaya,39,Male,Chennai,Tablet,18759,5,Card,2023-09-28,93795,36-50,2023,9,South
137,Gopi,39,Male,Bangalore,Laptop,45073,4,Card,2023-03-10,180292,36-50,2023,3,
138,Arun,39,Female,Hyderabad,Laptop,32587,5,Cash,2023-03-09,162935,36-50,2023,3,South
139,Jaya,39,Female,Bangalore,Tablet,20735,5,Card,2023-02-02,103675,36-50,2023,2,
140,Isha,39,Male,Trivandrum,Mobile,47597,4,Card,2023-03-12,190388,36-50,2023,3,
141,Arun,39,Male,Chennai,Laptop,11902,1,Card,2023-04-19,11902,36-50,2023,4,South
142,Esha,39,Female,Hyderabad,Mobile,28369,1,UPI,2023-10-25,28369,36-50,2023,10,South
143,Isha,39,Female,Trivandrum,Headphones,25981,1,Cash,2023-11-29,25981,36-50,2023,11,
144,Jaya,39,Female,Kochi,Camera,22040,3,Card,2023-05-08,66120,36-50,2023,5,South
145,Gopi,39,Female,Kochi,Tablet,40001,3,UPI,2023-02-17,120003,36-50,2023,2,South
146,Chetan,39,Female,Trivandrum,Laptop,47135,5,Card,2023-08-04,235675,36-50,2023,8,
147,Bala,39,Male,Chennai,Tablet,22801,2,UPI,2023-08-23,45602,36-50,2023,8,South
148,Chetan,39,Male,Chennai,Mobile,41098,1,Cash,2023-09-07,41098,36-50,2023,9,South
149,Hari,39,Male,Chennai,Headphones,49453,3,UPI,2023-10-01,148359,36-50,2023,10,South
150,Gopi,39,Male,Bangalore,Headphones,9720,4,UPI,2023-12-08,38880,36-50,2023,12,
151,Gopi,39,Male,Bangalore,Headphones,24098,3,Card,2023-05-21,72294,36-50,2023,5,
152,Isha,39,Female,Chennai,Camera,42991,1,UPI,2023-10-24,42991,36-50,2023,10,South
153,Gopi,39,Male,Bangalore,Mobile,2399,3,Cash,2023-04-16,7197,36-50,2023,4,
154,Arun,39,Male,Chennai,Tablet,45482,5,Card,2023-06-27,227410,36-50,2023,6,South
155,Chetan,39,Male,Chennai,Headphones,13614,4,UPI,2023-01-12,54456,36-50,2023,1,South
156,Chetan,39,Male,Bangalore,Tablet,17408,2,Card,2023-03-03,34816,36-50,2023,3,
157,Bala,39,Female,Chennai,Headphones,35914,4,UPI,2023-03-31,143656,36-50,2023,3,South
158,Hari,39,Female,Bangalore,Tablet,24718,2,Card,2023-04-30,49436,36-50,2023,4,
159,Arun,39,Male,Bangalore,Mobile,13860,1,UPI,2023-06-30,13860,36-50,2023,6,
160,Farhan,39,Male,Hyderabad,Camera,6045,4,Card,2023-03-07,24180,36-50,2023,3,South
161,Bala,39,Female,Trivandrum,Tablet,44989,1,UPI,2023-12-07,44989,36-50,2023,12,
162,Chetan,39,Male,Bangalore,Tablet,47387,1,Card,2023-02-09,47387,36-50,2023,2,
163,Arun,39,Female,Trivandrum,Tablet,29026,4,UPI,2023-02-28,116104,36-50,2023,2,
164,Jaya,39,Male,Bangalore,Headphones,44203,1,Card,2023-02-10,44203,36-50,2023,2,
165,Chetan,39,Female,Kochi,Mobile,33184,4,Card,2023-06-24,132736,36-50,2023,6,South
166,Esha,39,Male,Kochi,Mobile,46236,3,Card,2023-07-24,138708,36-50,2023,7,South
167,Isha,39,Male,Bangalore,Laptop,38791,4,Cash,2023-02-25,155164,36-50,2023,2,
168,Hari,39,Male,Trivandrum,Mobile,37707,4,Card,2023-02-08,150828,36-50,2023,2,
169,Jaya,39,Female,Bangalore,Laptop,15025,3,Cash,2023-06-18,45075,36-50,2023,6,
170,Arun,39,Male,Trivandrum,Camera,11897,4,Card,2023-01-09,47588,36-50,2023,1,
171,Isha,39,Male,Chennai,Laptop,26981,1,Card,2023-11-06,26981,36-50,2023,11,South
172,Gopi,39,Female,Hyderabad,Mobile,34551,4,UPI,2023-02-15,138204,36-50,2023,2,South
173,Bala,39,Female,Trivandrum,Laptop,39730,5,Cash,2023-01-15,198650,36-50,2023,1,
174,Arun,39,Female,Chennai,Mobile,21671,4,Cash,2023-02-16,86684,36-50,2023,2,South
175,Chetan,39,Male,Kochi,Camera,47599,5,UPI,2023-05-30,237995,36-50,2023,5,South
176,Arun,39,Male,Kochi,Tablet,19076,5,Card,2023-12-22,95380,36-50,2023,12,South
177,Esha,39,Female,Trivandrum,Camera,6618,1,Card,2023-05-09,6618,36-50,2023,5,
178,Bala,39,Female,Hyderabad,Headphones,42903,1,Cash,2023-03-25,42903,36-50,2023,3,South
179,Jaya,39,Female,Trivandrum,Headphones,26242,2,Card,2023-05-29,52484,36-50,2023,5,
180,Gopi,39,Male,Kochi,Laptop,49073,3,UPI,2023-03-03,147219,36-50,2023,3,South
181,Jaya,39,Female,Kochi,Headphones,17947,4,Card,2023-12-10,71788,36-50,2023,12,South
182,Bala,39,Male,Hyderabad,Mobile,21412,1,Card,2023-03-04,21412,36-50,2023,3,South
183,Farhan,39,Male,Trivandrum,Tablet,20395,1,UPI,2023-09-30,20395,36-50,2023,9,
184,Isha,39,Female,Bangalore,Camera,42875,3,UPI,2023-04-28,128625,36-50,2023,4,
185,Hari,39,Female,Bangalore,Tablet,13590,1,UPI,2023-02-27,13590,36-50,2023,2,
186,Esha,39,Female,Hyderabad,Tablet,43561,3,Cash,2023-06-26,130683,36-50,2023,6,South
187,Chetan,39,Male,Trivandrum,Tablet,8065,1,Cash,2023-01-02,8065,36-50,2023,1,
188,Arun,39,Female,Kochi,Laptop,37857,1,Cash,2023-04-24,37857,36-50,2023,4,South
189,Esha,39,Male,Chennai,Laptop,34553,4,Card,2023-03-06,138212,36-50,2023,3,South
190,Bala,39,Male,Hyderabad,Headphones,42192,5,UPI,2023-02-11,210960,36-50,2023,2,South
191,Divya,39,Female,Trivandrum,Laptop,7515,4,UPI,2023-09-03,30060,36-50,2023,9,
192,Jaya,39,Female,Bangalore,Mobile,37231,4,UPI,2023-09-21,148924,36-50,2023,9,
193,Hari,39,Female,Bangalore,Camera,8900,3,Cash,2023-04-25,26700,36-50,2023,4,
194,Gopi,39,Male,Kochi,Laptop,34885,2,Cash,2023-03-19,69770,36-50,2023,3,South
195,Divya,39,Male,Bangalore,Camera,7249,5,Card,2023-01-26,36245,36-50,2023,1,
196,Bala,39,Male,Hyderabad,Laptop,37831,2,Cash,2023-01-13,75662,36-50,2023,1,South
197,Isha,39,Female,Bangalore,Laptop,24133,5,Cash,2023-01-20,120665,36-50,2023,1,
198,Hari,39,Male,Kochi,Mobile,40652,4,Card,2023-11-01,162608,36-50,2023,11,South
199,Divya,39,Male,Trivandrum,Mobile,770,3,Card,2023-02-27,2310,36-50,2023,2,
200,Divya,39,Male,Trivandrum,Camera,11314,4,UPI,2023-01-28,45256,36-50,2023,1,
201,Bala,39,Female,Kochi,Tablet,34200,3,Card,2023-03-18,102600,36-50,2023,3,South
202,Divya,39,Female,Trivandrum,Tablet,5477,3,UPI,2023-01-27,16431,36-50,2023,1,
203,Arun,39,Male,Bangalore,Laptop,12375,1,Card,2023-03-04,12375,36-50,2023,3,
204,Farhan,39,Male,Kochi,Mobile,8099,1,UPI,2023-08-21,8099,36-50,2023,8,South
205,Arun,39,Male,Hyderabad,Headphones,6320,4,UPI,2023-10-17,25280,36-50,2023,10,South
206,Isha,39,Female,Chennai,Tablet,6507,5,UPI,2023-04-22,32535,36-50,2023,4,South
207,Esha,39,Male,Bangalore,Camera,18639,5,UPI,2023-04-21,93195,36-50,2023,4,
208,Farhan,39,Male,Hyderabad,Laptop,34073,1,Cash,2023-11-19,34073,36-50,2023,11,South
209,Isha,39,Male,Trivandrum,Tablet,39840,4,Cash,2023-09-27,159360,36-50,2023,9,
210,Isha,39,Male,Trivandrum,Camera,39325,4,Cash,2023-05-18,157300,36-50,2023,5,
211,Hari,39,Female,Trivandrum,Headphones,49590,3,Cash,2023-09-09,148770,36-50,2023,9,
212,Hari,39,Female,Bangalore,Camera,20169,2,Card,2023-06-06,40338,36-50,2023,6,
213,Jaya,39,Female,Bangalore,Camera,32227,2,Cash,2023-02-26,64454,36-50,2023,2,
214,Farhan,39,Female,Bangalore,Tablet,49464,2,Cash,2023-08-26,98928,36-50,2023,8,
215,Esha,39,Female,Kochi,Headphones,5373,1,UPI,2023-09-22,5373,36-50,2023,9,South
216,Gopi,39,Female,Trivandrum,Laptop,11346,5,UPI,2023-03-27,56730,36-50,2023,3,
217,Farhan,39,Male,Bangalore,Laptop,34865,4,Card,2023-09-06,139460,36-50,2023,9,
218,Divya,39,Male,Hyderabad,Camera,22243,4,Cash,2023-05-25,88972,36-50,2023,5,South
219,Chetan,39,Male,Kochi,Laptop,23065,5,Cash,2023-02-15,115325,36-50,2023,2,South
220,Arun,39,Female,Chennai,Laptop,4724,1,Cash,2023-04-16,4724,36-50,2023,4,South
221,Isha,39,Male,Kochi,Mobile,1645,5,UPI,2023-08-08,8225,36-50,2023,8,South
222,Isha,39,Female,Chennai,Camera,26694,3,Cash,2023-01-11,80082,36-50,2023,1,South
223,Farhan,39,Female,Chennai,Camera,27545,4,Cash,2023-10-22,110180,36-50,2023,10,South
224,Esha,39,Female,Kochi,Headphones,28798,1,Cash,2023-11-15,28798,36-50,2023,11,South
225,Chetan,39,Female,Trivandrum,Mobile,37475,2,UPI,2023-09-17,74950,36-50,2023,9,
226,Divya,39,Male,Kochi,Laptop,49070,2,UPI,2023-01-31,98140,36-50,2023,1,South
227,Hari,39,Male,Kochi,Headphones,4636,4,Cash,2023-11-12,18544,36-50,2023,11,South
228,Chetan,39,Female,Chennai,Camera,24650,3,Cash,2023-03-21,73950,36-50,2023,3,South
229,Esha,39,Female,Hyderabad,Laptop,6220,3,Card,2023-11-10,18660,36-50,2023,11,South
230,Gopi,39,Female,Kochi,Headphones,6301,5,Cash,2023-09-18,31505,36-50,2023,9,South
231,Chetan,39,Female,Hyderabad,Camera,15043,3,Card,2023-10-07,45129,36-50,2023,10,South
232,Gopi,39,Male,Kochi,Laptop,34146,1,Card,2023-07-01,34146,36-50,2023,7,South
233,Farhan,39,Female,Hyderabad,Mobile,24790,4,UPI,2023-12-30,99160,36-50,2023,12,South
234,Isha,39,Male,Hyderabad,Headphones,2950,3,Card,2023-09-23,8850,36-50,2023,9,South
235,Chetan,39,Female,Hyderabad,Tablet,12827,4,UPI,2023-07-13,51308,36-50,2023,7,South
236,Esha,39,Male,Trivandrum,Tablet,19564,4,Card,2023-02-25,78256,36-50,2023,2,
237,Farhan,39,Male,Bangalore,Mobile,2657,3,Card,2023-05-04,7971,36-50,2023,5,
238,Farhan,39,Female,Hyderabad,Headphones,6628,5,Cash,2023-08-02,33140,36-50,2023,8,South
239,Bala,39,Male,Kochi,Tablet,29075,3,UPI,2023-08-12,87225,36-50,2023,8,South
240,Hari,39,Female,Chennai,Mobile,8554,1,Card,2023-01-24,8554,36-50,2023,1,South
241,Gopi,39,Male,Hyderabad,Tablet,38347,1,UPI,2023-04-16,38347,36-50,2023,4,South
242,Hari,39,Male,Chennai,Laptop,2915,1,Card,2023-09-13,2915,36-50,2023,9,South
243,Esha,39,Male,Trivandrum,Camera,37896,3,UPI,2023-10-18,113688,36-50,2023,10,
244,Hari,39,Female,Kochi,Headphones,39051,3,Cash,2023-05-26,117153,36-50,2023,5,South
245,Gopi,39,Male,Trivandrum,Camera,48024,3,Cash,2023-09-15,144072,36-50,2023,9,
246,Isha,39,Male,Bangalore,Camera,19040,4,Card,2023-05-11,76160,36-50,2023,5,
247,Gopi,39,Male,Hyderabad,Headphones,28825,5,UPI,2023-11-07,144125,36-50,2023,11,South
248,Divya,39,Female,Bangalore,Headphones,20452,5,Card,2023-03-18,102260,36-50,2023,3,
249,Arun,39,Male,Hyderabad,Camera,30591,1,UPI,2023-08-26,30591,36-50,2023,8,South
250,Chetan,39,Female,Bangalore,Tablet,22392,2,Cash,2023-09-29,44784,36-50,2023,9,
251,Jaya,39,Female,Chennai,Camera,34287,4,Cash,2023-12-17,137148,36-50,2023,12,South
252,Bala,39,Male,Chennai,Headphones,36353,1,UPI,2023-02-18,36353,36-50,2023,2,South
253,Bala,39,Male,Bangalore,Tablet,35799,1,UPI,2023-11-30,35799,36-50,2023,11,
254,Jaya,39,Male,Hyderabad,Camera,38347,1,Cash,2023-08-25,38347,36-50,2023,8,South
255,Chetan,39,Female,Bangalore,Laptop,45387,3,Card,2023-03-19,136161,36-50,2023,3,
256,Isha,39,Male,Kochi,Tablet,22734,1,UPI,2023-03-17,22734,36-50,2023,3,South
257,Arun,39,Male,Chennai,Laptop,32588,1,UPI,2023-06-25,32588,36-50,2023,6,South
258,Farhan,39,Female,Chennai,Laptop,3161,1,Card,2023-05-24,3161,36-50,2023,5,South
259,Chetan,39,Female,Hyderabad,Camera,15037,5,Cash,2023-06-20,75185,36-50,2023,6,South
260,Farhan,39,Male,Trivandrum,Headphones,26730,4,Cash,2023-07-13,106920,36-50,2023,7,
261,Isha,39,Female,Bangalore,Mobile,8516,5,UPI,2023-05-14,42580,36-50,2023,5,
262,Divya,39,Female,Bangalore,Camera,19028,5,Card,2023-09-12,95140,36-50,2023,9,
263,Arun,39,Female,Hyderabad,Headphones,34345,2,Cash,2023-06-30,68690,36-50,2023,6,South
264,Jaya,39,Female,Hyderabad,Tablet,20416,1,Cash,2023-05-06,20416,36-50,2023,5,South
265,Arun,39,Male,Chennai,Tablet,13780,1,UPI,2023-10-26,13780,36-50,2023,10,South
266,Divya,39,Male,Chennai,Mobile,32862,4,UPI,2023-06-08,131448,36-50,2023,6,South
267,Chetan,39,Female,Hyderabad,Laptop,29079,2,Card,2023-07-08,58158,36-50,2023,7,South
268,Farhan,39,Male,Kochi,Headphones,27995,2,Cash,2023-05-23,55990,36-50,2023,5,South
269,Chetan,39,Female,Kochi,Camera,33803,4,Card,2023-10-13,135212,36-50,2023,10,South
270,Farhan,39,Male,Hyderabad,Headphones,30723,4,Cash,2023-12-07,122892,36-50,2023,12,South
271,Arun,39,Female,Bangalore,Mobile,5278,1,Cash,2023-03-30,5278,36-50,2023,3,
272,Hari,39,Female,Trivandrum,Camera,23311,2,Cash,2023-11-05,46622,36-50,2023,11,
273,Jaya,39,Female,Kochi,Headphones,49419,4,Card,2023-01-15,197676,36-50,2023,1,South
274,Bala,39,Female,Chennai,Headphones,46780,4,Card,2023-04-03,187120,36-50,2023,4,South
275,Arun,39,Male,Chennai,Tablet,13020,3,Card,2023-12-03,39060,36-50,2023,12,South
276,Jaya,39,Female,Kochi,Camera,28587,2,Card,2023-09-22,57174,36-50,2023,9,South
277,Chetan,39,Male,Hyderabad,Laptop,26537,4,Card,2023-09-29,106148,36-50,2023,9,South
278,Arun,39,Female,Hyderabad,Headphones,10500,3,UPI,2023-07-14,31500,36-50,2023,7,South
279,Bala,39,Female,Trivandrum,Tablet,29018,4,Card,2023-11-26,116072,36-50,2023,11,
280,Bala,39,Female,Bangalore,Tablet,11667,5,Cash,2023-03-13,58335,36-50,2023,3,
281,Hari,39,Male,Kochi,Tablet,10778,2,Cash,2023-05-20,21556,36-50,2023,5,South
282,Jaya,39,Male,Chennai,Headphones,11190,4,Cash,2023-11-17,44760,36-50,2023,11,South
283,Arun,39,Female,Bangalore,Camera,35914,3,Cash,2023-04-20,107742,36-50,2023,4,
284,Hari,39,Female,Kochi,Camera,27652,3,Card,2023-08-19,82956,36-50,2023,8,South
285,Jaya,39,Female,Kochi,Tablet,38479,4,Cash,2023-10-31,153916,36-50,2023,10,South
286,Isha,39,Male,Trivandrum,Camera,33277,4,Card,2023-05-26,133108,36-50,2023,5,
287,Chetan,39,Male,Trivandrum,Camera,37202,5,Card,2023-07-02,186010,36-50,2023,7,
288,Chetan,39,Female,Hyderabad,Laptop,32099,1,Card,2023-02-26,32099,36-50,2023,2,South
289,Divya,39,Female,Bangalore,Headphones,20585,1,UPI,2023-08-31,20585,36-50,2023,8,
290,Chetan,39,Female,Hyderabad,Camera,12937,3,Cash,2023-07-02,38811,36-50,2023,7,South
291,Arun,39,Male,Chennai,Headphones,39794,5,UPI,2023-09-23,198970,36-50,2023,9,South
292,Hari,39,Female,Chennai,Tablet,36757,1,Cash,2023-02-26,36757,36-50,2023,2,South
293,Esha,39,Male,Trivandrum,Mobile,48458,4,Cash,2023-04-30,193832,36-50,2023,4,
294,Farhan,39,Female,Kochi,Headphones,40950,2,Cash,2023-07-21,81900,36-50,2023,7,South
295,Gopi,39,Male,Trivandrum,Laptop,15681,2,UPI,2023-12-27,31362,36-50,2023,12,
296,Divya,39,Female,Bangalore,Laptop,29885,1,Card,2023-06-08,29885,36-50,2023,6,
297,Farhan,39,Female,Chennai,Tablet,2243,2,UPI,2023-09-22,4486,36-50,2023,9,South
298,Bala,39,Female,Hyderabad,Headphones,16440,1,Cash,2023-03-18,16440,36-50,2023,3,South
299,Hari,39,Male,Trivandrum,Tablet,2736,3,UPI,2023-11-03,8208,36-50,2023,11,
300,Gopi,39,Male,Chennai,Mobile,14710,3,Card,2023-10-18,44130,36-50,2023,10,South
301,Arun,39,Female,Bangalore,Laptop,21456,3,UPI,2023-11-24,64368,36-50,2023,11,
302,Arun,39,Male,Chennai,Headphones,41465,4,Cash,2023-11-26,165860,36-50,2023,11,South
303,Divya,39,Male,Hyderabad,Camera,7105,3,Card,2023-08-12,21315,36-50,2023,8,South
304,Arun,39,Male,Trivandrum,Tablet,17112,1,UPI,2023-03-04,17112,36-50,2023,3,
305,Chetan,39,Female,Trivandrum,Mobile,33085,1,UPI,2023-09-25,33085,36-50,2023,9,
306,Jaya,39,Female,Hyderabad,Laptop,34906,2,Card,2023-10-13,69812,36-50,2023,10,South
307,Jaya,39,Female,Chennai,Laptop,29064,1,Card,2023-03-25,29064,36-50,2023,3,South
308,Divya,39,Male,Kochi,Laptop,16900,5,Card,2023-10-28,84500,36-50,2023,10,South
309,Gopi,39,Male,Kochi,Laptop,47270,2,Card,2023-04-09,94540,36-50,2023,4,South
310,Farhan,39,Male,Kochi,Laptop,40462,5,Card,2023-06-24,202310,36-50,2023,6,South
311,Isha,39,Female,Chennai,Mobile,3108,1,UPI,2023-08-23,3108,36-50,2023,8,South
312,Bala,39,Male,Chennai,Laptop,1350,1,Card,2023-09-27,1350,36-50,2023,9,South
313,Gopi,39,Female,Kochi,Tablet,22698,1,Card,2024-01-01,22698,36-50,2024,1,South
314,Farhan,39,Female,Chennai,Mobile,24072,5,UPI,2023-10-20,120360,36-50,2023,10,South
315,Esha,39,Male,Kochi,Camera,43087,5,Card,2023-10-31,215435,36-50,2023,10,South
316,Divya,39,Female,Hyderabad,Mobile,40641,5,Cash,2023-05-10,203205,36-50,2023,5,South
317,Farhan,39,Male,Bangalore,Laptop,9608,5,Card,2023-09-17,48040,36-50,2023,9,
318,Esha,39,Male,Bangalore,Camera,21493,1,UPI,2023-11-17,21493,36-50,2023,11,
319,Hari,39,Female,Kochi,Camera,33350,4,UPI,2023-03-14,133400,36-50,2023,3,South
320,Esha,39,Male,Chennai,Tablet,41090,5,UPI,2023-12-25,205450,36-50,2023,12,South
321,Arun,39,Male,Bangalore,Mobile,5335,2,Card,2023-09-20,10670,36-50,2023,9,
322,Esha,39,Female,Kochi,Laptop,6956,2,Cash,2023-06-12,13912,36-50,2023,6,South
323,Divya,39,Male,Bangalore,Laptop,14086,4,UPI,2023-09-03,56344,36-50,2023,9,
324,Farhan,39,Female,Hyderabad,Tablet,25887,5,Card,2023-02-14,129435,36-50,2023,2,South
325,Gopi,39,Female,Kochi,Tablet,7676,2,Card,2023-10-03,15352,36-50,2023,10,South
326,Esha,39,Male,Bangalore,Camera,29946,4,Card,2023-03-18,119784,36-50,2023,3,
327,Hari,39,Female,Bangalore,Laptop,40001,2,Cash,2023-03-10,80002,36-50,2023,3,
328,Farhan,39,Male,Bangalore,Camera,7619,1,Card,2023-07-26,7619,36-50,2023,7,
329,Gopi,39,Female,Hyderabad,Camera,46816,3,Cash,2023-11-06,140448,36-50,2023,11,South
330,Chetan,39,Female,Bangalore,Laptop,29836,2,Card,2023-09-19,59672,36-50,2023,9,
331,Hari,39,Male,Chennai,Headphones,9979,5,UPI,2023-03-08,49895,36-50,2023,3,South
332,Hari,39,Female,Hyderabad,Tablet,19184,3,Cash,2023-10-02,57552,36-50,2023,10,South
333,Hari,39,Female,Bangalore,Camera,893,5,Cash,2023-01-03,4465,36-50,2023,1,
334,Farhan,39,Male,Kochi,Mobile,23660,3,Cash,2023-11-20,70980,36-50,2023,11,South
335,Bala,39,Female,Hyderabad,Laptop,13279,1,Card,2023-04-04,13279,36-50,2023,4,South
336,Hari,39,Female,Hyderabad,Laptop,38990,5,Card,2023-02-03,194950,36-50,2023,2,South
337,Arun,39,Female,Chennai,Tablet,41765,2,Card,2023-08-26,83530,36-50,2023,8,South
338,Hari,39,Female,Bangalore,Mobile,35038,2,Cash,2023-03-21,70076,36-50,2023,3,
339,Chetan,39,Male,Hyderabad,Headphones,36299,4,Cash,2023-09-14,145196,36-50,2023,9,South
340,Hari,39,Male,Kochi,Laptop,5005,1,Card,2023-10-24,5005,36-50,2023,10,South
341,Chetan,39,Male,Trivandrum,Camera,15890,5,Card,2023-05-23,79450,36-50,2023,5,
342,Divya,39,Male,Chennai,Tablet,1114,4,Card,2023-06-10,4456,36-50,2023,6,South
343,Hari,39,Female,Trivandrum,Camera,23661,5,Card,2023-11-27,118305,36-50,2023,11,
344,Jaya,39,Female,Bangalore,Mobile,8560,1,UPI,2023-12-30,8560,36-50,2023,12,
345,Hari,39,Female,Hyderabad,Tablet,14607,4,Card,2023-06-06,58428,36-50,2023,6,South
346,Isha,39,Male,Trivandrum,Tablet,6504,4,Cash,2023-01-23,26016,36-50,2023,1,
347,Hari,39,Female,Bangalore,Tablet,9141,1,UPI,2023-02-16,9141,36-50,2023,2,
348,Farhan,39,Female,Bangalore,Mobile,27908,5,UPI,2023-10-07,139540,36-50,2023,10,
349,Jaya,39,Male,Hyderabad,Mobile,1970,4,UPI,2023-08-12,7880,36-50,2023,8,South
350,Bala,39,Male,Bangalore,Camera,49681,5,Cash,2023-01-08,248405,36-50,2023,1,
351,Farhan,39,Male,Chennai,Tablet,39065,4,Card,2023-12-03,156260,36-50,2023,12,South
352,Jaya,39,Female,Bangalore,Tablet,45588,5,Card,2023-02-03,227940,36-50,2023,2,
353,Jaya,39,Male,Hyderabad,Headphones,46543,4,UPI,2023-01-01,186172,36-50,2023,1,South
354,Hari,39,Male,Bangalore,Mobile,41018,5,Card,2023-07-08,205090,36-50,2023,7,
355,Arun,39,Female,Bangalore,Mobile,8178,1,UPI,2023-01-21,8178,36-50,2023,1,
356,Divya,39,Female,Kochi,Laptop,8363,5,Card,2023-02-26,41815,36-50,2023,2,South
357,Chetan,39,Male,Kochi,Camera,4121,1,UPI,2023-02-01,4121,36-50,2023,2,South
358,Gopi,39,Female,Chennai,Camera,15811,5,Cash,2023-07-17,79055,36-50,2023,7,South
359,Jaya,39,Female,Chennai,Mobile,17195,4,UPI,2023-03-20,68780,36-50,2023,3,South
360,Hari,39,Male,Chennai,Camera,7386,4,UPI,2023-04-30,29544,36-50,2023,4,South
361,Farhan,39,Male,Chennai,Mobile,42499,3,UPI,2023-01-15,127497,36-50,2023,1,South
362,Isha,39,Female,Bangalore,Camera,29038,2,UPI,2023-08-27,58076,36-50,2023,8,
363,Isha,39,Male,Hyderabad,Headphones,47873,4,Card,2023-07-30,191492,36-50,2023,7,South
364,Arun,39,Female,Hyderabad,Tablet,1265,5,Cash,2023-06-04,6325,36-50,2023,6,South
365,Chetan,39,Female,Chennai,Headphones,41479,1,UPI,2023-02-23,41479,36-50,2023,2,South
366,Bala,39,Male,Trivandrum,Headphones,18269,2,Card,2023-01-19,36538,36-50,2023,1,
367,Farhan,39,Female,Kochi,Mobile,47973,5,Cash,2023-08-29,239865,36-50,2023,8,South
368,Arun,39,Female,Bangalore,Tablet,5314,4,Cash,2023-09-27,21256,36-50,2023,9,
369,Gopi,39,Male,Kochi,Camera,36704,2,UPI,2023-02-10,73408,36-50,2023,2,South
370,Hari,39,Female,Bangalore,Laptop,32419,4,UPI,2023-09-06,129676,36-50,2023,9,
371,Isha,39,Male,Chennai,Headphones,41057,1,UPI,2023-07-02,41057,36-50,2023,7,South
372,Arun,39,Male,Kochi,Tablet,27495,5,Cash,2023-12-02,137475,36-50,2023,12,South
373,Farhan,39,Female,Hyderabad,Tablet,8474,1,Card,2023-12-02,8474,36-50,2023,12,South
374,Divya,39,Female,Chennai,Mobile,46857,1,Card,2023-04-17,46857,36-50,2023,4,South
375,Bala,39,Female,Kochi,Tablet,38070,4,Card,2023-02-28,152280,36-50,2023,2,South
376,Farhan,39,Female,Chennai,Headphones,26077,4,Card,2023-08-20,104308,36-50,2023,8,South
377,Esha,39,Female,Trivandrum,Laptop,38607,2,Cash,2023-08-10,77214,36-50,2023,8,
378,Farhan,39,Female,Hyderabad,Camera,3206,2,Cash,2023-05-10,6412,36-50,2023,5,South
379,Divya,39,Female,Chennai,Camera,48111,2,UPI,2023-05-01,96222,36-50,2023,5,South
380,Chetan,39,Female,Hyderabad,Headphones,34546,4,Card,2023-04-14,138184,36-50,2023,4,South
381,Isha,39,Male,Chennai,Laptop,35190,5,Card,2023-06-04,175950,36-50,2023,6,South
382,Divya,39,Male,Hyderabad,Mobile,14282,4,UPI,2023-02-21,57128,36-50,2023,2,South
383,Bala,39,Female,Kochi,Mobile,45357,1,Card,2023-08-26,45357,36-50,2023,8,South
384,Arun,39,Male,Bangalore,Mobile,48035,4,Cash,2023-01-11,192140,36-50,2023,1,
385,Isha,39,Female,Trivandrum,Laptop,25944,4,Cash,2023-03-28,103776,36-50,2023,3,
386,Hari,39,Female,Bangalore,Headphones,17705,4,Card,2023-06-01,70820,36-50,2023,6,
387,Arun,39,Male,Kochi,Headphones,24038,5,Card,2023-03-07,120190,36-50,2023,3,South
388,Divya,39,Female,Trivandrum,Tablet,32495,3,UPI,2023-01-02,97485,36-50,2023,1,
389,Jaya,39,Male,Trivandrum,Camera,3627,5,Cash,2023-03-21,18135,36-50,2023,3,
390,Bala,39,Male,Chennai,Tablet,33268,3,Card,2023-11-16,99804,36-50,2023,11,South
391,Arun,39,Male,Trivandrum,Headphones,31684,1,UPI,2023-09-08,31684,36-50,2023,9,
392,Isha,39,Male,Trivandrum,Laptop,38687,4,Card,2023-03-16,154748,36-50,2023,3,
393,Esha,39,Male,Chennai,Headphones,4632,4,Cash,2023-12-15,18528,36-50,2023,12,South
394,Hari,39,Female,Bangalore,Headphones,25538,1,UPI,2023-03-18,25538,36-50,2023,3,
395,Arun,39,Female,Chennai,Laptop,41210,2,Card,2023-03-02,82420,36-50,2023,3,South
396,Isha,39,Female,Bangalore,Laptop,16961,3,UPI,2023-05-24,50883,36-50,2023,5,
397,Hari,39,Male,Bangalore,Camera,41842,3,UPI,2023-05-31,125526,36-50,2023,5,
398,Farhan,39,Male,Hyderabad,Camera,16178,5,UPI,2023-02-23,80890,36-50,2023,2,South
399,Arun,39,Female,Trivandrum,Camera,14267,1,Cash,2023-05-31,14267,36-50,2023,5,
400,Farhan,39,Female,Trivandrum,Camera,18837,2,Cash,2023-11-01,37674,36-50,2023,11,
401,Farhan,39,Female,Hyderabad,Mobile,46761,4,Cash,2023-12-27,187044,36-50,2023,12,South
402,Hari,39,Female,Trivandrum,Laptop,2538,3,Cash,2023-10-07,7614,36-50,2023,10,
403,Gopi,39,Female,Trivandrum,Tablet,43066,3,UPI,2023-07-17,129198,36-50,2023,7,
404,Bala,39,Female,Bangalore,Laptop,27380,3,Card,2023-04-01,82140,36-50,2023,4,
405,Chetan,39,Female,Hyderabad,Laptop,28056,3,UPI,2023-11-26,84168,36-50,2023,11,South
406,Isha,39,Female,Kochi,Tablet,32056,5,Card,2023-12-24,160280,36-50,2023,12,South
407,Bala,39,Male,Kochi,Camera,19047,5,Cash,2023-09-19,95235,36-50,2023,9,South
408,Chetan,39,Male,Chennai,Headphones,6231,3,Cash,2023-11-09,18693,36-50,2023,11,South
409,Arun,39,Male,Trivandrum,Headphones,7738,1,Card,2023-01-11,7738,36-50,2023,1,
410,Esha,39,Male,Hyderabad,Camera,601,3,UPI,2023-12-18,1803,36-50,2023,12,South
411,Chetan,39,Female,Trivandrum,Tablet,7738,4,Card,2023-06-28,30952,36-50,2023,6,
412,Farhan,39,Male,Trivandrum,Tablet,18783,3,Cash,2023-09-23,56349,36-50,2023,9,
413,Bala,39,Female,Trivandrum,Camera,33500,1,Card,2023-09-06,33500,36-50,2023,9,
414,Jaya,39,Female,Kochi,Camera,31040,1,Card,2023-01-25,31040,36-50,2023,1,South
415,Chetan,39,Female,Trivandrum,Laptop,45372,3,Card,2023-06-08,136116,36-50,2023,6,
416,Gopi,39,Male,Kochi,Headphones,40852,2,Cash,2023-07-06,81704,36-50,2023,7,South
417,Jaya,39,Male,Chennai,Headphones,6145,2,UPI,2023-01-19,12290,36-50,2023,1,South
418,Chetan,39,Male,Hyderabad,Headphones,3960,5,UPI,2023-10-05,19800,36-50,2023,10,South
419,Gopi,39,Male,Chennai,Laptop,39602,5,Card,2023-04-16,198010,36-50,2023,4,South
420,Bala,39,Male,Kochi,Laptop,44282,3,Card,2023-08-31,132846,36-50,2023,8,South
421,Hari,39,Female,Chennai,Headphones,30758,1,Cash,2023-01-04,30758,36-50,2023,1,South
422,Divya,39,Female,Kochi,Tablet,46912,3,Cash,2023-06-13,140736,36-50,2023,6,South
423,Hari,39,Female,Hyderabad,Tablet,40459,2,Card,2023-01-29,80918,36-50,2023,1,South
424,Bala,39,Male,Kochi,Mobile,5086,5,Card,2023-02-01,25430,36-50,2023,2,South
425,Isha,39,Female,Trivandrum,Tablet,13471,5,Card,2023-09-16,67355,36-50,2023,9,
426,Gopi,39,Male,Hyderabad,Laptop,34112,1,UPI,2023-12-25,34112,36-50,2023,12,South
427,Chetan,39,Male,Bangalore,Laptop,917,2,UPI,2023-12-23,1834,36-50,2023,12,
428,Jaya,39,Female,Chennai,Mobile,24348,1,UPI,2023-08-07,24348,36-50,2023,8,South
429,Divya,39,Female,Chennai,Mobile,27757,4,UPI,2023-10-18,111028,36-50,2023,10,South
430,Gopi,39,Female,Chennai,Headphones,48035,1,UPI,2023-12-03,48035,36-50,2023,12,South
431,Bala,39,Male,Trivandrum,Camera,19773,3,Cash,2023-04-28,59319,36-50,2023,4,
432,Farhan,39,Male,Bangalore,Mobile,19683,5,Card,2023-11-12,98415,36-50,2023,11,
433,Isha,39,Female,Trivandrum,Camera,32547,5,UPI,2023-09-21,162735,36-50,2023,9,
434,Divya,39,Female,Chennai,Tablet,26537,5,Cash,2023-08-11,132685,36-50,2023,8,South
435,Hari,39,Female,Kochi,Laptop,2965,5,UPI,2023-05-21,14825,36-50,2023,5,South
436,Isha,39,Female,Hyderabad,Headphones,41900,3,Card,2023-12-29,125700,36-50,2023,12,South
437,Bala,39,Female,Chennai,Camera,41586,2,UPI,2023-05-14,83172,36-50,2023,5,South
438,Jaya,39,Female,Bangalore,Headphones,24451,4,Card,2023-10-13,97804,36-50,2023,10,
439,Bala,39,Male,Kochi,Camera,41783,2,Cash,2023-01-24,83566,36-50,2023,1,South
440,Jaya,39,Female,Kochi,Headphones,33696,2,Cash,2023-05-29,67392,36-50,2023,5,South
441,Esha,39,Male,Hyderabad,Tablet,44748,3,Card,2023-04-03,134244,36-50,2023,4,South
442,Farhan,39,Female,Hyderabad,Mobile,39549,5,Cash,2023-07-30,197745,36-50,2023,7,South
443,Jaya,39,Male,Kochi,Mobile,39081,3,UPI,2023-12-26,117243,36-50,2023,12,South
444,Isha,39,Male,Chennai,Headphones,37417,5,UPI,2023-06-01,187085,36-50,2023,6,South
445,Arun,39,Male,Hyderabad,Camera,778,1,Cash,2023-06-12,778,36-50,2023,6,South
446,Hari,39,Female,Chennai,Headphones,40091,5,Cash,2023-09-08,200455,36-50,2023,9,South
447,Chetan,39,Female,Trivandrum,Laptop,16816,1,Card,2023-08-19,16816,36-50,2023,8,
448,Divya,39,Female,Bangalore,Laptop,17162,5,UPI,2023-10-03,85810,36-50,2023,10,
449,Esha,39,Female,Trivandrum,Mobile,4361,4,Card,2023-08-16,17444,36-50,2023,8,
450,Arun,39,Male,Kochi,Camera,45980,5,Cash,2023-01-22,229900,36-50,2023,1,South
451,Divya,39,Male,Hyderabad,Headphones,25065,2,Card,2023-08-01,50130,36-50,2023,8,South
452,Gopi,39,Male,Hyderabad,Camera,40351,5,Cash,2023-01-10,201755,36-50,2023,1,South
453,Chetan,39,Male,Chennai,Laptop,17100,5,Cash,2023-07-10,85500,36-50,2023,7,South
454,Chetan,39,Male,Kochi,Tablet,1414,2,Cash,2023-07-22,2828,36-50,2023,7,South
455,Arun,39,Male,Hyderabad,Mobile,36582,2,Card,2023-08-17,73164,36-50,2023,8,South
456,Divya,39,Male,Chennai,Laptop,33416,1,Card,2023-09-20,33416,36-50,2023,9,South
457,Hari,39,Male,Chennai,Tablet,3175,3,Card,2023-07-28,9525,36-50,2023,7,South
458,Gopi,39,Male,Trivandrum,Laptop,8112,3,Cash,2023-10-26,24336,36-50,2023,10,
459,Farhan,39,Female,Trivandrum,Tablet,15306,1,UPI,2023-01-06,15306,36-50,2023,1,
460,Chetan,39,Female,Bangalore,Mobile,14308,5,Cash,2023-06-02,71540,36-50,2023,6,
461,Isha,39,Female,Chennai,Tablet,45611,1,Card,2023-06-08,45611,36-50,2023,6,South
462,Arun,39,Female,Trivandrum,Laptop,33848,2,Cash,2023-10-29,67696,36-50,2023,10,
463,Bala,39,Male,Bangalore,Headphones,21971,4,Cash,2023-07-27,87884,36-50,2023,7,
464,Chetan,39,Female,Bangalore,Mobile,25431,4,UPI,2023-12-22,101724,36-50,2023,12,
465,Hari,39,Female,Hyderabad,Camera,19255,2,Card,2023-12-24,38510,36-50,2023,12,South
466,Jaya,39,Female,Bangalore,Laptop,2670,2,Cash,2023-10-23,5340,36-50,2023,10,
467,Divya,39,Male,Hyderabad,Tablet,44913,4,Card,2023-03-10,179652,36-50,2023,3,South
468,Bala,39,Female,Hyderabad,Laptop,37882,2,Cash,2023-10-11,75764,36-50,2023,10,South
469,Isha,39,Female,Trivandrum,Mobile,8909,5,Card,2023-09-08,44545,36-50,2023,9,
470,Jaya,39,Female,Trivandrum,Tablet,48696,5,Cash,2024-01-01,243480,36-50,2024,1,
471,Gopi,39,Male,Trivandrum,Laptop,1034,1,Card,2023-05-25,1034,36-50,2023,5,
472,Jaya,39,Male,Kochi,Tablet,15807,3,UPI,2023-11-11,47421,36-50,2023,11,South
473,Bala,39,Male,Trivandrum,Laptop,10214,4,Cash,2023-09-20,40856,36-50,2023,9,
474,Esha,39,Male,Kochi,Mobile,20408,5,Card,2023-01-23,102040,36-50,2023,1,South
475,Divya,39,Male,Kochi,Headphones,49169,5,Card,2023-05-28,245845,36-50,2023,5,South
476,Gopi,39,Male,Bangalore,Tablet,29349,2,Cash,2023-02-10,58698,36-50,2023,2,
477,Divya,39,Female,Trivandrum,Laptop,19942,2,Card,2023-10-19,39884,36-50,2023,10,
478,Esha,39,Male,Hyderabad,Mobile,43773,4,UPI,2023-07-24,175092,36-50,2023,7,South
479,Isha,39,Male,Trivandrum,Laptop,33031,5,Card,2023-07-02,165155,36-50,2023,7,
480,Jaya,39,Male,Trivandrum,Mobile,4075,5,UPI,2023-05-23,20375,36-50,2023,5,
481,Esha,39,Female,Hyderabad,Mobile,44566,5,Card,2023-10-01,222830,36-50,2023,10,South
482,Hari,39,Female,Trivandrum,Tablet,24950,1,Cash,2023-04-11,24950,36-50,2023,4,
483,Chetan,39,Female,Kochi,Mobile,44086,1,Cash,2023-10-31,44086,36-50,2023,10,South
484,Chetan,39,Female,Hyderabad,Headphones,26743,5,Card,2023-03-27,133715,36-50,2023,3,South
485,Hari,39,Male,Chennai,Tablet,10086,3,Cash,2023-01-15,30258,36-50,2023,1,South
486,Chetan,39,Male,Hyderabad,Mobile,25535,5,Card,2023-03-15,127675,36-50,2023,3,South
487,Arun,39,Female,Chennai,Tablet,34220,4,UPI,2023-01-29,136880,36-50,2023,1,South
488,Farhan,39,Male,Hyderabad,Camera,26024,1,Card,2023-08-11,26024,36-50,2023,8,South
489,Esha,39,Female,Hyderabad,Mobile,10458,4,UPI,2023-01-24,41832,36-50,2023,1,South
490,Arun,39,Female,Chennai,Camera,20650,3,Cash,2023-03-13,61950,36-50,2023,3,South
491,Bala,39,Male,Chennai,Camera,26780,5,Cash,2023-11-20,133900,36-50,2023,11,South
492,Bala,39,Female,Kochi,Tablet,7366,2,Cash,2023-10-14,14732,36-50,2023,10,South
493,Arun,39,Male,Hyderabad,Laptop,39844,4,Cash,2023-09-12,159376,36-50,2023,9,South
494,Arun,39,Female,Kochi,Mobile,44592,5,Card,2023-06-03,222960,36-50,2023,6,South
495,Divya,39,Female,Bangalore,Headphones,32586,1,Card,2023-09-19,32586,36-50,2023,9,
496,Farhan,39,Male,Hyderabad,Laptop,46587,2,Cash,2023-02-22,93174,36-50,2023,2,South
497,Bala,39,Male,Trivandrum,Mobile,29123,2,UPI,2023-08-12,58246,36-50,2023,8,
498,Arun,39,Female,Chennai,Laptop,36447,1,Card,2023-09-07,36447,36-50,2023,9,South
499,Esha,39,Male,Trivandrum,Tablet,43734,2,UPI,2023-10-11,87468,36-50,2023,10,
500,Bala,39,Female,Chennai,Mobile,46559,3,UPI,2023-06-04,139677,36-50,2023,6,South
501,Gopi,39,Female,Kochi,Laptop,44990,3,Card,2023-09-10,134970,36-50,2023,9,South
502,Chetan,39,Female,Trivandrum,Headphones,44721,2,Cash,2023-04-13,89442,36-50,2023,4,
503,Gopi,39,Female,Chennai,Tablet,33946,2,Card,2023-08-10,67892,36-50,2023,8,South
504,Hari,39,Male,Hyderabad,Camera,2142,5,Card,2023-12-26,10710,36-50,2023,12,South
505,Arun,39,Male,Bangalore,Headphones,30146,3,UPI,2023-03-28,90438,36-50,2023,3,
506,Chetan,39,Male,Bangalore,Laptop,37487,1,Card,2023-03-23,37487,36-50,2023,3,
507,Chetan,39,Male,Chennai,Camera,18674,3,Cash,2023-12-17,56022,36-50,2023,12,South
508,Esha,39,Female,Kochi,Headphones,5045,4,UPI,2023-03-03,20180,36-50,2023,3,South
509,Jaya,39,Female,Chennai,Mobile,43665,4,UPI,2023-01-20,174660,36-50,2023,1,South
510,Farhan,39,Male,Hyderabad,Laptop,13312,5,UPI,2023-04-06,66560,36-50,2023,4,South
511,Arun,39,Male,Trivandrum,Mobile,1316,3,UPI,2023-05-17,3948,36-50,2023,5,
512,Chetan,39,Female,Bangalore,Mobile,48268,4,Cash,2023-09-25,193072,36-50,2023,9,
513,Gopi,39,Female,Hyderabad,Mobile,46132,1,Cash,2023-10-25,46132,36-50,2023,10,South
514,Isha,39,Female,Bangalore,Headphones,41741,5,Card,2023-07-22,208705,36-50,2023,7,
515,Gopi,39,Female,Hyderabad,Mobile,39279,3,Card,2023-09-15,117837,36-50,2023,9,South
516,Farhan,39,Female,Chennai,Mobile,18786,2,Cash,2023-07-24,37572,36-50,2023,7,South
517,Esha,39,Female,Trivandrum,Tablet,13559,3,Card,2023-02-14,40677,36-50,2023,2,
518,Esha,39,Female,Trivandrum,Tablet,32901,4,Cash,2023-03-31,131604,36-50,2023,3,
519,Chetan,39,Female,Kochi,Laptop,20205,3,UPI,2023-07-01,60615,36-50,2023,7,South
520,Chetan,39,Female,Trivandrum,Mobile,9439,2,UPI,2023-04-05,18878,36-50,2023,4,
521,Hari,39,Male,Chennai,Mobile,4777,3,Cash,2023-09-14,14331,36-50,2023,9,South
522,Chetan,39,Female,Hyderabad,Tablet,18051,2,UPI,2023-11-12,36102,36-50,2023,11,South
523,Divya,39,Male,Trivandrum,Camera,35603,1,Cash,2023-04-02,35603,36-50,2023,4,
524,Farhan,39,Female,Trivandrum,Mobile,33311,3,Card,2023-12-02,99933,36-50,2023,12,
525,Hari,39,Female,Chennai,Headphones,27826,3,Cash,2023-05-23,83478,36-50,2023,5,South
526,Farhan,39,Female,Bangalore,Mobile,38785,4,UPI,2023-09-17,155140,36-50,2023,9,
527,Jaya,39,Female,Trivandrum,Tablet,32989,5,UPI,2023-03-09,164945,36-50,2023,3,
528,Bala,39,Male,Trivandrum,Headphones,2641,3,Cash,2023-07-12,7923,36-50,2023,7,
529,Bala,39,Male,Hyderabad,Camera,38732,5,Cash,2023-05-25,193660,36-50,2023,5,South
530,Gopi,39,Male,Bangalore,Camera,21043,4,UPI,2023-10-17,84172,36-50,2023,10,
531,Chetan,39,Female,Chennai,Camera,17016,2,UPI,2023-04-15,34032,36-50,2023,4,South
532,Divya,39,Male,Trivandrum,Laptop,7159,1,UPI,2023-02-12,7159,36-50,2023,2,
533,Divya,39,Female,Kochi,Headphones,35995,5,UPI,2023-08-28,179975,36-50,2023,8,South
534,Farhan,39,Male,Chennai,Camera,22225,4,UPI,2023-08-25,88900,36-50,2023,8,South
535,Chetan,39,Male,Kochi,Headphones,13234,4,Card,2023-09-09,52936,36-50,2023,9,South
536,Farhan,39,Female,Hyderabad,Laptop,48474,5,Card,2023-05-24,242370,36-50,2023,5,South
537,Jaya,39,Female,Bangalore,Laptop,24774,4,Card,2023-06-27,99096,36-50,2023,6,
538,Bala,39,Male,Trivandrum,Camera,21881,1,Card,2023-08-18,21881,36-50,2023,8,
539,Esha,39,Male,Kochi,Camera,32266,1,Card,2023-01-10,32266,36-50,2023,1,South
540,Gopi,39,Female,Chennai,Camera,36201,3,Card,2023-10-08,108603,36-50,2023,10,South
541,Gopi,39,Male,Kochi,Laptop,48954,3,UPI,2023-04-05,146862,36-50,2023,4,South
542,Gopi,39,Male,Bangalore,Mobile,38048,2,Cash,2023-03-26,76096,36-50,2023,3,
543,Arun,39,Male,Hyderabad,Tablet,4071,1,Card,2023-07-23,4071,36-50,2023,7,South
544,Chetan,39,Female,Bangalore,Laptop,30822,2,Cash,2023-12-14,61644,36-50,2023,12,
545,Esha,39,Female,Hyderabad,Tablet,49339,5,Cash,2023-03-01,246695,36-50,2023,3,South
546,Isha,39,Female,Hyderabad,Tablet,9707,4,UPI,2023-06-15,38828,36-50,2023,6,South
547,Chetan,39,Male,Hyderabad,Tablet,22500,3,Cash,2023-12-16,67500,36-50,2023,12,South
548,Farhan,39,Male,Bangalore,Laptop,46955,2,Card,2023-10-25,93910,36-50,2023,10,
549,Jaya,39,Male,Bangalore,Mobile,43164,4,UPI,2023-03-26,172656,36-50,2023,3,
550,Bala,39,Female,Bangalore,Laptop,11078,1,Cash,2023-08-31,11078,36-50,2023,8,
551,Hari,39,Female,Chennai,Headphones,43943,5,Cash,2023-06-18,219715,36-50,2023,6,South
552,Chetan,39,Male,Trivandrum,Camera,39796,4,Card,2023-12-23,159184,36-50,2023,12,
553,Esha,39,Male,Kochi,Mobile,39921,2,Cash,2023-01-31,79842,36-50,2023,1,South
554,Jaya,39,Male,Kochi,Mobile,18376,2,UPI,2023-01-01,36752,36-50,2023,1,South
555,Arun,39,Female,Kochi,Camera,12281,2,Card,2023-12-04,24562,36-50,2023,12,South
556,Bala,39,Male,Bangalore,Tablet,29690,5,Cash,2023-11-21,148450,36-50,2023,11,
557,Gopi,39,Female,Kochi,Laptop,19104,5,Card,2023-10-21,95520,36-50,2023,10,South
558,Isha,39,Female,Chennai,Tablet,15741,5,Cash,2023-05-20,78705,36-50,2023,5,South
559,Hari,39,Female,Trivandrum,Headphones,26915,2,Card,2023-07-31,53830,36-50,2023,7,
560,Isha,39,Male,Kochi,Laptop,40677,2,Card,2023-07-31,81354,36-50,2023,7,South
561,Divya,39,Female,Bangalore,Headphones,29036,1,UPI,2023-06-25,29036,36-50,2023,6,
562,Hari,39,Male,Hyderabad,Headphones,14098,2,Cash,2023-12-27,28196,36-50,2023,12,South
563,Gopi,39,Female,Chennai,Tablet,9663,2,Card,2023-12-26,19326,36-50,2023,12,South
564,Farhan,39,Male,Kochi,Tablet,639,4,Card,2023-04-08,2556,36-50,2023,4,South
565,Arun,39,Male,Kochi,Laptop,26606,4,Cash,2023-11-18,106424,36-50,2023,11,South
566,Esha,39,Female,Trivandrum,Laptop,22377,2,UPI,2023-04-07,44754,36-50,2023,4,
567,Hari,39,Male,Kochi,Camera,16765,2,UPI,2023-04-10,33530,36-50,2023,4,South
568,Hari,39,Male,Hyderabad,Headphones,583,4,Cash,2023-07-22,2332,36-50,2023,7,South
569,Arun,39,Male,Hyderabad,Tablet,2026,3,Cash,2023-04-21,6078,36-50,2023,4,South
570,Divya,39,Female,Chennai,Laptop,17630,4,Cash,2023-10-18,70520,36-50,2023,10,South
571,Hari,39,Female,Bangalore,Camera,37786,4,Cash,2023-06-23,151144,36-50,2023,6,
572,Arun,39,Male,Hyderabad,Camera,32854,2,Card,2023-10-09,65708,36-50,2023,10,South
573,Isha,39,Male,Hyderabad,Headphones,13181,1,Card,2023-03-28,13181,36-50,2023,3,South
574,Chetan,39,Female,Hyderabad,Headphones,17565,2,Card,2023-03-25,35130,36-50,2023,3,South
575,Farhan,39,Female,Hyderabad,Mobile,6078,3,Card,2023-10-16,18234,36-50,2023,10,South
576,Esha,39,Female,Bangalore,Tablet,12128,3,Card,2023-01-01,36384,36-50,2023,1,
577,Isha,39,Female,Hyderabad,Headphones,31266,2,Cash,2023-07-05,62532,36-50,2023,7,South
578,Divya,39,Female,Kochi,Tablet,13352,5,Cash,2023-09-13,66760,36-50,2023,9,South
579,Bala,39,Female,Bangalore,Camera,48759,5,UPI,2023-12-12,243795,36-50,2023,12,
580,Farhan,39,Male,Hyderabad,Laptop,23091,2,UPI,2023-10-25,46182,36-50,2023,10,South
581,Bala,39,Female,Kochi,Tablet,6837,4,UPI,2023-03-07,27348,36-50,2023,3,South
582,Farhan,39,Male,Kochi,Tablet,39376,1,Cash,2023-12-24,39376,36-50,2023,12,South
583,Hari,39,Female,Hyderabad,Camera,13000,5,UPI,2023-09-24,65000,36-50,2023,9,South
584,Esha,39,Female,Trivandrum,Mobile,23903,1,Card,2023-04-13,23903,36-50,2023,4,
585,Gopi,39,Female,Trivandrum,Laptop,33161,2,Card,2023-02-10,66322,36-50,2023,2,
586,Isha,39,Female,Trivandrum,Mobile,11827,2,Cash,2023-09-17,23654,36-50,2023,9,
587,Jaya,39,Male,Trivandrum,Camera,24325,5,UPI,2023-09-11,121625,36-50,2023,9,
588,Gopi,39,Female,Hyderabad,Camera,10455,3,Cash,2023-08-22,31365,36-50,2023,8,South
589,Esha,39,Female,Kochi,Headphones,11288,2,Cash,2023-02-12,22576,36-50,2023,2,South
590,Arun,39,Male,Kochi,Mobile,16510,4,Cash,2023-07-24,66040,36-50,2023,7,South
591,Gopi,39,Female,Hyderabad,Laptop,28795,4,UPI,2023-04-30,115180,36-50,2023,4,South
592,Divya,39,Male,Kochi,Mobile,5536,1,UPI,2023-06-15,5536,36-50,2023,6,South
593,Hari,39,Male,Kochi,Mobile,24777,1,UPI,2023-02-20,24777,36-50,2023,2,South
594,Divya,39,Male,Trivandrum,Camera,5375,1,Cash,2023-09-28,5375,36-50,2023,9,
595,Jaya,39,Male,Chennai,Headphones,20918,1,Cash,2023-10-26,20918,36-50,2023,10,South
596,Divya,39,Male,Chennai,Headphones,40545,2,Cash,2023-06-26,81090,36-50,2023,6,South
597,Isha,39,Female,Chennai,Camera,26148,2,UPI,2023-03-01,52296,36-50,2023,3,South
598,Bala,39,Female,Kochi,Laptop,33289,2,Cash,2023-06-02,66578,36-50,2023,6,South
599,Hari,39,Male,Hyderabad,Camera,17852,1,Card,2023-03-17,17852,36-50,2023,3,South
600,Chetan,39,Male,Trivandrum,Headphones,35903,1,Card,2023-01-10,35903,36-50,2023,1,
601,Farhan,39,Male,Trivandrum,Mobile,18040,5,UPI,2023-06-04,90200,36-50,2023,6,
602,Gopi,39,Female,Hyderabad,Headphones,46870,3,Card,2023-07-24,140610,36-50,2023,7,South
603,Bala,39,Male,Hyderabad,Headphones,20031,5,Cash,2023-11-30,100155,36-50,2023,11,South
604,Esha,39,Male,Kochi,Tablet,22811,3,Cash,2023-05-12,68433,36-50,2023,5,South
605,Farhan,39,Male,Trivandrum,Mobile,27512,2,UPI,2023-12-08,55024,36-50,2023,12,
606,Chetan,39,Male,Trivandrum,Tablet,42240,5,UPI,2023-11-08,211200,36-50,2023,11,
607,Isha,39,Female,Kochi,Camera,4738,5,Cash,2023-07-13,23690,36-50,2023,7,South
608,Divya,39,Male,Kochi,Tablet,41138,5,Card,2023-10-25,205690,36-50,2023,10,South
609,Divya,39,Female,Bangalore,Headphones,38731,5,Card,2023-09-30,193655,36-50,2023,9,
610,Isha,39,Male,Hyderabad,Camera,45095,3,UPI,2023-04-25,135285,36-50,2023,4,South
611,Arun,39,Female,Kochi,Headphones,3115,2,Card,2023-11-10,6230,36-50,2023,11,South
612,Isha,39,Female,Bangalore,Laptop,1358,4,Cash,2023-01-27,5432,36-50,2023,1,
613,Hari,39,Male,Chennai,Tablet,23215,1,Cash,2023-11-01,23215,36-50,2023,11,South
614,Arun,39,Female,Kochi,Headphones,18243,3,Cash,2023-08-17,54729,36-50,2023,8,South
615,Hari,39,Female,Bangalore,Headphones,39693,3,UPI,2023-02-01,119079,36-50,2023,2,
616,Gopi,39,Male,Bangalore,Laptop,2469,1,Cash,2023-10-10,2469,36-50,2023,10,
617,Farhan,39,Female,Chennai,Camera,30518,2,Card,2023-02-12,61036,36-50,2023,2,South
618,Esha,39,Male,Bangalore,Laptop,7422,5,UPI,2023-06-04,37110,36-50,2023,6,
619,Farhan,39,Male,Hyderabad,Headphones,35402,1,Cash,2023-04-08,35402,36-50,2023,4,South
620,Bala,39,Male,Bangalore,Mobile,43791,2,UPI,2023-10-19,87582,36-50,2023,10,
621,Arun,39,Male,Bangalore,Laptop,26389,4,Card,2023-01-05,105556,36-50,2023,1,
622,Bala,39,Female,Hyderabad,Camera,3621,3,UPI,2023-08-05,10863,36-50,2023,8,South
623,Gopi,39,Female,Kochi,Laptop,6497,5,UPI,2023-05-06,32485,36-50,2023,5,South
624,Hari,39,Male,Chennai,Tablet,6601,1,Cash,2023-03-22,6601,36-50,2023,3,South
625,Jaya,39,Female,Kochi,Mobile,4343,4,Card,2023-12-23,17372,36-50,2023,12,South
626,Divya,39,Female,Trivandrum,Laptop,32958,3,Cash,2023-03-30,98874,36-50,2023,3,
627,Jaya,39,Female,Hyderabad,Mobile,31649,3,UPI,2023-07-19,94947,36-50,2023,7,South
628,Esha,39,Male,Kochi,Laptop,41811,2,Card,2023-03-14,83622,36-50,2023,3,South
629,Arun,39,Female,Bangalore,Mobile,27627,5,Card,2023-03-24,138135,36-50,2023,3,
630,Farhan,39,Female,Chennai,Mobile,45733,1,Card,2023-07-20,45733,36-50,2023,7,South
631,Gopi,39,Male,Hyderabad,Tablet,27328,3,Cash,2023-11-17,81984,36-50,2023,11,South
632,Hari,39,Female,Kochi,Laptop,28377,3,Card,2023-11-16,85131,36-50,2023,11,South
633,Chetan,39,Female,Bangalore,Tablet,44326,1,Cash,2023-12-05,44326,36-50,2023,12,
634,Arun,39,Female,Trivandrum,Headphones,44355,5,Card,2023-02-18,221775,36-50,2023,2,
635,Esha,39,Female,Trivandrum,Mobile,48650,5,Card,2023-05-01,243250,36-50,2023,5,
636,Esha,39,Male,Trivandrum,Tablet,28615,2,Cash,2023-03-23,57230,36-50,2023,3,
637,Divya,39,Female,Chennai,Tablet,21434,4,Card,2023-08-22,85736,36-50,2023,8,South
638,Gopi,39,Male,Chennai,Tablet,18201,3,UPI,2023-09-11,54603,36-50,2023,9,South
639,Arun,39,Female,Hyderabad,Laptop,33888,2,Card,2023-06-04,67776,36-50,2023,6,South
640,Farhan,39,Male,Bangalore,Camera,24559,3,Cash,2023-09-06,73677,36-50,2023,9,
641,Isha,39,Female,Hyderabad,Mobile,33419,3,Cash,2023-05-11,100257,36-50,2023,5,South
642,Esha,39,Female,Chennai,Tablet,13685,2,Card,2023-07-27,27370,36-50,2023,7,South
643,Isha,39,Male,Trivandrum,Laptop,27537,2,Card,2023-12-12,55074,36-50,2023,12,
644,Chetan,39,Female,Trivandrum,Tablet,19213,5,Cash,2023-11-12,96065,36-50,2023,11,
645,Arun,39,Male,Chennai,Headphones,47185,4,Cash,2023-08-07,188740,36-50,2023,8,South
646,Bala,39,Female,Bangalore,Laptop,44063,5,UPI,2023-06-07,220315,36-50,2023,6,
647,Bala,39,Female,Bangalore,Laptop,29960,2,Cash,2023-10-25,59920,36-50,2023,10,
648,Esha,39,Male,Trivandrum,Headphones,7966,4,Cash,2023-08-03,31864,36-50,2023,8,
649,Isha,39,Male,Hyderabad,Tablet,21470,3,Cash,2023-05-30,64410,36-50,2023,5,South
650,Chetan,39,Male,Hyderabad,Tablet,28157,2,UPI,2023-06-29,56314,36-50,2023,6,South
651,Hari,39,Female,Hyderabad,Tablet,15663,3,Cash,2023-06-19,46989,36-50,2023,6,South
652,Bala,39,Female,Chennai,Mobile,49278,4,UPI,2023-09-08,197112,36-50,2023,9,South
653,Isha,39,Male,Hyderabad,Headphones,40732,4,Card,2023-09-17,162928,36-50,2023,9,South
654,Isha,39,Male,Trivandrum,Mobile,44727,1,Card,2023-11-18,44727,36-50,2023,11,
655,Farhan,39,Male,Chennai,Tablet,32786,4,UPI,2023-01-02,131144,36-50,2023,1,South
656,Bala,39,Female,Bangalore,Laptop,4226,5,Cash,2023-05-31,21130,36-50,2023,5,
657,Gopi,39,Female,Trivandrum,Mobile,28221,5,Card,2023-09-20,141105,36-50,2023,9,
658,Esha,39,Female,Bangalore,Laptop,27078,4,Card,2023-06-20,108312,36-50,2023,6,
659,Esha,39,Male,Chennai,Tablet,49906,4,Card,2023-12-10,199624,36-50,2023,12,South
660,Divya,39,Female,Chennai,Headphones,27758,4,UPI,2023-11-24,111032,36-50,2023,11,South
661,Hari,39,Male,Kochi,Laptop,38960,4,Cash,2023-04-13,155840,36-50,2023,4,South
662,Arun,39,Male,Bangalore,Headphones,21620,2,UPI,2023-11-30,43240,36-50,2023,11,
663,Divya,39,Female,Kochi,Mobile,45377,2,Cash,2023-05-12,90754,36-50,2023,5,South
664,Hari,39,Male,Hyderabad,Headphones,29159,3,Card,2023-04-20,87477,36-50,2023,4,South
665,Chetan,39,Female,Bangalore,Mobile,44743,3,Card,2023-03-09,134229,36-50,2023,3,
666,Isha,39,Male,Bangalore,Headphones,38162,1,Cash,2023-07-19,38162,36-50,2023,7,
667,Hari,39,Female,Trivandrum,Laptop,23442,2,Cash,2023-12-03,46884,36-50,2023,12,
668,Gopi,39,Female,Bangalore,Camera,41586,5,UPI,2023-07-10,207930,36-50,2023,7,
669,Divya,39,Female,Kochi,Camera,49786,3,Card,2023-06-19,149358,36-50,2023,6,South
670,Jaya,39,Female,Chennai,Mobile,4237,1,Card,2023-09-10,4237,36-50,2023,9,South
671,Hari,39,Male,Bangalore,Laptop,7868,5,Card,2023-10-14,39340,36-50,2023,10,
672,Farhan,39,Male,Kochi,Camera,16310,2,Card,2023-03-07,32620,36-50,2023,3,South
673,Gopi,39,Male,Trivandrum,Headphones,32441,5,Cash,2023-05-06,162205,36-50,2023,5,
674,Farhan,39,Female,Kochi,Tablet,43953,1,Card,2023-10-16,43953,36-50,2023,10,South
675,Chetan,39,Female,Hyderabad,Laptop,28551,2,Cash,2023-04-24,57102,36-50,2023,4,South
676,Chetan,39,Female,Chennai,Camera,24712,2,Cash,2023-03-05,49424,36-50,2023,3,South
677,Divya,39,Male,Trivandrum,Headphones,13381,1,Cash,2023-01-23,13381,36-50,2023,1,
678,Divya,39,Female,Trivandrum,Mobile,33385,5,Cash,2023-01-10,166925,36-50,2023,1,
679,Farhan,39,Male,Chennai,Headphones,11209,3,UPI,2023-11-23,33627,36-50,2023,11,South
680,Gopi,39,Male,Chennai,Laptop,31436,4,Cash,2023-05-08,125744,36-50,2023,5,South
681,Isha,39,Male,Hyderabad,Laptop,5741,1,Cash,2023-02-26,5741,36-50,2023,2,South
682,Gopi,39,Female,Trivandrum,Camera,19978,2,Card,2023-11-01,39956,36-50,2023,11,
683,Esha,39,Male,Trivandrum,Laptop,5927,4,Cash,2023-02-05,23708,36-50,2023,2,
684,Jaya,39,Female,Hyderabad,Camera,36607,4,Card,2023-01-18,146428,36-50,2023,1,South
685,Esha,39,Female,Bangalore,Tablet,42956,3,Card,2023-12-23,128868,36-50,2023,12,
686,Isha,39,Male,Trivandrum,Laptop,11511,4,Cash,2023-02-25,46044,36-50,2023,2,
687,Esha,39,Female,Bangalore,Mobile,22733,5,Cash,2023-11-22,113665,36-50,2023,11,
688,Arun,39,Male,Hyderabad,Camera,47363,3,Card,2023-03-10,142089,36-50,2023,3,South
689,Arun,39,Female,Bangalore,Tablet,3569,3,Card,2023-06-19,10707,36-50,2023,6,
690,Gopi,39,Female,Trivandrum,Mobile,15548,4,UPI,2023-05-26,62192,36-50,2023,5,
691,Arun,39,Female,Hyderabad,Tablet,7029,2,Cash,2023-10-23,14058,36-50,2023,10,South
692,Esha,39,Male,Chennai,Mobile,38340,2,Card,2023-06-05,76680,36-50,2023,6,South
693,Hari,39,Male,Chennai,Laptop,18518,2,Card,2023-03-20,37036,36-50,2023,3,South
694,Farhan,39,Male,Chennai,Mobile,4163,3,Cash,2023-07-30,12489,36-50,2023,7,South
695,Esha,39,Female,Trivandrum,Mobile,20663,5,Card,2023-12-04,103315,36-50,2023,12,
696,Hari,39,Female,Trivandrum,Headphones,7467,1,Card,2023-11-12,7467,36-50,2023,11,
697,Chetan,39,Female,Kochi,Camera,4821,2,UPI,2023-08-20,9642,36-50,2023,8,South
698,Gopi,39,Female,Chennai,Laptop,15697,1,Cash,2023-12-02,15697,36-50,2023,12,South
699,Divya,39,Male,Chennai,Camera,31340,4,Cash,2023-05-31,125360,36-50,2023,5,South
700,Arun,39,Male,Trivandrum,Camera,4942,2,UPI,2023-05-15,9884,36-50,2023,5,
701,Esha,39,Female,Trivandrum,Laptop,29063,3,Card,2023-05-21,87189,36-50,2023,5,
702,Jaya,39,Female,Hyderabad,Laptop,11723,2,UPI,2023-09-20,23446,36-50,2023,9,South
703,Isha,39,Female,Kochi,Mobile,27639,2,UPI,2023-04-18,55278,36-50,2023,4,South
704,Chetan,39,Male,Chennai,Camera,30319,4,Cash,2023-03-11,121276,36-50,2023,3,South
705,Chetan,39,Female,Trivandrum,Laptop,20421,5,Card,2023-08-11,102105,36-50,2023,8,
706,Isha,39,Male,Bangalore,Laptop,27792,1,Card,2023-12-15,27792,36-50,2023,12,
707,Arun,39,Male,Kochi,Camera,34393,1,Card,2023-08-21,34393,36-50,2023,8,South
708,Chetan,39,Male,Trivandrum,Headphones,4445,4,Card,2023-01-01,17780,36-50,2023,1,
709,Divya,39,Male,Bangalore,Mobile,8037,5,UPI,2023-06-05,40185,36-50,2023,6,
710,Esha,39,Male,Kochi,Camera,38844,5,Card,2023-04-05,194220,36-50,2023,4,South
711,Esha,39,Female,Chennai,Headphones,26786,3,Cash,2023-11-22,80358,36-50,2023,11,South
712,Chetan,39,Male,Kochi,Laptop,14348,4,Cash,2023-09-13,57392,36-50,2023,9,South
713,Farhan,39,Female,Chennai,Camera,24767,2,UPI,2023-09-03,49534,36-50,2023,9,South
714,Gopi,39,Female,Bangalore,Laptop,49457,2,Cash,2023-09-25,98914,36-50,2023,9,
715,Hari,39,Female,Bangalore,Camera,14265,2,Cash,2023-05-30,28530,36-50,2023,5,
716,Bala,39,Female,Kochi,Camera,39866,3,Card,2023-08-21,119598,36-50,2023,8,South
717,Jaya,39,Female,Hyderabad,Headphones,1293,4,Cash,2023-08-27,5172,36-50,2023,8,South
718,Hari,39,Male,Bangalore,Mobile,46348,1,UPI,2023-04-14,46348,36-50,2023,4,
719,Jaya,39,Male,Kochi,Camera,29389,1,UPI,2023-09-13,29389,36-50,2023,9,South
720,Chetan,39,Female,Hyderabad,Laptop,8560,5,Card,2023-11-27,42800,36-50,2023,11,South
721,Bala,39,Female,Bangalore,Tablet,45328,4,Cash,2023-05-29,181312,36-50,2023,5,
722,Hari,39,Male,Trivandrum,Laptop,26353,4,UPI,2023-09-09,105412,36-50,2023,9,
723,Chetan,39,Male,Hyderabad,Tablet,12836,3,UPI,2023-09-12,38508,36-50,2023,9,South
724,Hari,39,Male,Chennai,Laptop,45065,2,UPI,2023-07-17,90130,36-50,2023,7,South
725,Isha,39,Male,Chennai,Headphones,3202,4,Card,2023-10-27,12808,36-50,2023,10,South
726,Farhan,39,Female,Bangalore,Headphones,9370,5,UPI,2023-11-14,46850,36-50,2023,11,
727,Divya,39,Male,Kochi,Mobile,639,5,Cash,2023-03-17,3195,36-50,2023,3,South
728,Divya,39,Male,Chennai,Tablet,7289,3,Card,2023-02-01,21867,36-50,2023,2,South
729,Jaya,39,Female,Bangalore,Laptop,46641,1,UPI,2023-12-04,46641,36-50,2023,12,
730,Hari,39,Male,Trivandrum,Laptop,2474,1,Cash,2023-03-30,2474,36-50,2023,3,
731,Divya,39,Male,Hyderabad,Laptop,3860,1,UPI,2023-06-07,3860,36-50,2023,6,South
732,Isha,39,Male,Chennai,Mobile,43262,4,UPI,2023-07-21,173048,36-50,2023,7,South
733,Jaya,39,Male,Trivandrum,Camera,4464,3,Cash,2023-11-09,13392,36-50,2023,11,
734,Jaya,39,Female,Chennai,Headphones,21073,3,UPI,2023-07-01,63219,36-50,2023,7,South
735,Isha,39,Female,Hyderabad,Mobile,4374,3,UPI,2023-02-01,13122,36-50,2023,2,South
736,Esha,39,Male,Chennai,Mobile,39692,5,Card,2023-06-02,198460,36-50,2023,6,South
737,Bala,39,Female,Trivandrum,Mobile,30890,2,Cash,2023-03-14,61780,36-50,2023,3,
738,Hari,39,Female,Bangalore,Headphones,529,2,Card,2023-08-11,1058,36-50,2023,8,
739,Gopi,39,Female,Kochi,Headphones,31129,2,Cash,2023-06-02,62258,36-50,2023,6,South
740,Isha,39,Female,Hyderabad,Camera,2652,1,Cash,2023-07-31,2652,36-50,2023,7,South
741,Jaya,39,Male,Hyderabad,Laptop,48115,4,UPI,2023-05-02,192460,36-50,2023,5,South
742,Chetan,39,Male,Kochi,Mobile,34952,1,Cash,2023-07-16,34952,36-50,2023,7,South
743,Farhan,39,Female,Chennai,Camera,9351,1,Card,2023-03-26,9351,36-50,2023,3,South
744,Farhan,39,Male,Trivandrum,Camera,14125,3,Card,2023-10-10,42375,36-50,2023,10,
745,Jaya,39,Female,Hyderabad,Tablet,4331,2,Card,2023-09-02,8662,36-50,2023,9,South
746,Farhan,39,Male,Chennai,Laptop,35497,3,Card,2023-07-29,106491,36-50,2023,7,South
747,Jaya,39,Male,Bangalore,Mobile,7556,1,Card,2023-11-18,7556,36-50,2023,11,
748,Gopi,39,Male,Chennai,Mobile,34428,4,Card,2023-08-09,137712,36-50,2023,8,South
749,Gopi,39,Female,Bangalore,Laptop,1787,4,Cash,2023-10-07,7148,36-50,2023,10,
750,Chetan,39,Male,Kochi,Mobile,4618,2,Cash,2023-08-02,9236,36-50,2023,8,South
751,Farhan,39,Female,Trivandrum,Headphones,18190,5,Cash,2023-06-28,90950,36-50,2023,6,
752,Chetan,39,Male,Bangalore,Headphones,39258,1,UPI,2023-07-13,39258,36-50,2023,7,
753,Divya,39,Male,Hyderabad,Mobile,25992,1,UPI,2023-03-19,25992,36-50,2023,3,South
754,Bala,39,Female,Hyderabad,Headphones,40301,5,Cash,2023-12-26,201505,36-50,2023,12,South
755,Gopi,39,Female,Hyderabad,Laptop,20020,3,UPI,2023-07-12,60060,36-50,2023,7,South
756,Hari,39,Female,Chennai,Tablet,36217,5,Cash,2023-04-08,181085,36-50,2023,4,South
757,Bala,39,Female,Bangalore,Headphones,4646,5,Card,2023-04-25,23230,36-50,2023,4,
758,Jaya,39,Female,Kochi,Headphones,21787,4,Cash,2023-01-06,87148,36-50,2023,1,South
759,Farhan,39,Male,Bangalore,Mobile,36267,5,UPI,2024-01-01,181335,36-50,2024,1,
760,Esha,39,Male,Trivandrum,Headphones,27514,3,Card,2023-12-03,82542,36-50,2023,12,
761,Jaya,39,Male,Hyderabad,Laptop,14311,2,Card,2023-06-27,28622,36-50,2023,6,South
762,Jaya,39,Male,Bangalore,Tablet,19884,2,UPI,2023-04-05,39768,36-50,2023,4,
763,Gopi,39,Female,Hyderabad,Tablet,18411,2,Card,2023-12-06,36822,36-50,2023,12,South
764,Isha,39,Male,Chennai,Laptop,5899,4,Card,2023-02-11,23596,36-50,2023,2,South
765,Jaya,39,Male,Hyderabad,Laptop,5712,3,Card,2023-11-21,17136,36-50,2023,11,South
766,Jaya,39,Male,Kochi,Tablet,22891,3,Cash,2023-04-03,68673,36-50,2023,4,South
767,Gopi,39,Female,Hyderabad,Mobile,35635,3,Cash,2023-03-05,106905,36-50,2023,3,South
768,Hari,39,Female,Bangalore,Headphones,26401,2,Card,2023-09-06,52802,36-50,2023,9,
769,Farhan,39,Male,Chennai,Headphones,21212,3,Card,2023-04-13,63636,36-50,2023,4,South
770,Jaya,39,Male,Hyderabad,Laptop,33472,4,UPI,2023-07-26,133888,36-50,2023,7,South
771,Isha,39,Male,Hyderabad,Camera,42926,4,UPI,2023-01-21,171704,36-50,2023,1,South
772,Chetan,39,Male,Kochi,Camera,14966,4,UPI,2023-09-20,59864,36-50,2023,9,South
773,Farhan,39,Male,Hyderabad,Camera,42499,2,Cash,2023-07-14,84998,36-50,2023,7,South
774,Isha,39,Female,Bangalore,Mobile,3645,3,UPI,2023-12-09,10935,36-50,2023,12,
775,Farhan,39,Female,Kochi,Tablet,43787,3,Cash,2023-12-11,131361,36-50,2023,12,South
776,Jaya,39,Male,Bangalore,Laptop,15370,3,Cash,2023-09-20,46110,36-50,2023,9,
777,Hari,39,Male,Kochi,Camera,9356,5,Cash,2023-03-11,46780,36-50,2023,3,South
778,Chetan,39,Male,Trivandrum,Tablet,39815,4,UPI,2023-11-02,159260,36-50,2023,11,
779,Bala,39,Female,Kochi,Mobile,34172,5,Cash,2023-08-17,170860,36-50,2023,8,South
780,Hari,39,Male,Trivandrum,Mobile,20052,1,Cash,2023-02-01,20052,36-50,2023,2,
781,Esha,39,Male,Trivandrum,Tablet,6775,4,Card,2023-02-19,27100,36-50,2023,2,
782,Farhan,39,Female,Hyderabad,Headphones,34106,4,UPI,2023-11-02,136424,36-50,2023,11,South
783,Arun,39,Female,Hyderabad,Headphones,6508,3,Cash,2023-07-18,19524,36-50,2023,7,South
784,Arun,39,Male,Bangalore,Headphones,35875,1,UPI,2023-08-28,35875,36-50,2023,8,
785,Jaya,39,Female,Trivandrum,Tablet,29379,2,Cash,2023-10-18,58758,36-50,2023,10,
786,Arun,39,Female,Chennai,Mobile,34571,1,Card,2023-11-06,34571,36-50,2023,11,South
787,Esha,39,Male,Kochi,Tablet,45070,2,Card,2023-11-11,90140,36-50,2023,11,South
788,Jaya,39,Female,Kochi,Camera,4565,5,UPI,2023-06-08,22825,36-50,2023,6,South
789,Jaya,39,Male,Kochi,Mobile,25440,1,UPI,2023-03-25,25440,36-50,2023,3,South
790,Chetan,39,Female,Hyderabad,Camera,41380,3,Card,2023-07-15,124140,36-50,2023,7,South
791,Arun,39,Male,Kochi,Camera,25503,2,Card,2023-09-02,51006,36-50,2023,9,South
792,Bala,39,Male,Trivandrum,Camera,13892,1,Card,2023-05-03,13892,36-50,2023,5,
793,Bala,39,Male,Bangalore,Headphones,47530,3,UPI,2023-10-21,142590,36-50,2023,10,
794,Divya,39,Male,Chennai,Headphones,40182,1,Card,2023-01-25,40182,36-50,2023,1,South
795,Gopi,39,Male,Bangalore,Tablet,3672,2,Cash,2023-12-10,7344,36-50,2023,12,
796,Esha,39,Female,Bangalore,Mobile,23044,1,Card,2023-06-07,23044,36-50,2023,6,
797,Jaya,39,Female,Hyderabad,Mobile,9513,5,Cash,2023-12-25,47565,36-50,2023,12,South
798,Farhan,39,Male,Bangalore,Headphones,21027,4,Card,2023-12-07,84108,36-50,2023,12,
799,Chetan,39,Female,Trivandrum,Tablet,23730,2,UPI,2023-01-20,47460,36-50,2023,1,
800,Gopi,39,Male,Hyderabad,Headphones,36526,2,Cash,2023-10-14,73052,36-50,2023,10,South
801,Esha,39,Female,Kochi,Tablet,17597,5,UPI,2023-01-05,87985,36-50,2023,1,South
802,Arun,39,Male,Trivandrum,Camera,46956,4,UPI,2023-04-02,187824,36-50,2023,4,
803,Farhan,39,Male,Kochi,Mobile,41798,4,UPI,2023-04-05,167192,36-50,2023,4,South
804,Farhan,39,Male,Kochi,Headphones,33799,2,Card,2023-12-12,67598,36-50,2023,12,South
805,Isha,39,Male,Bangalore,Laptop,40708,1,UPI,2023-10-11,40708,36-50,2023,10,
806,Esha,39,Female,Kochi,Camera,35601,1,Cash,2023-03-13,35601,36-50,2023,3,South
807,Esha,39,Male,Kochi,Headphones,28741,5,UPI,2023-11-04,143705,36-50,2023,11,South
808,Bala,39,Female,Trivandrum,Headphones,21658,1,Cash,2023-10-21,21658,36-50,2023,10,
809,Chetan,39,Female,Trivandrum,Tablet,26737,2,Cash,2023-03-13,53474,36-50,2023,3,
810,Hari,39,Female,Kochi,Tablet,40795,4,Card,2023-01-19,163180,36-50,2023,1,South
811,Esha,39,Male,Chennai,Headphones,18788,5,UPI,2023-02-23,93940,36-50,2023,2,South
812,Esha,39,Male,Chennai,Tablet,19688,1,Cash,2023-02-26,19688,36-50,2023,2,South
813,Farhan,39,Female,Chennai,Tablet,25870,4,Cash,2023-08-24,103480,36-50,2023,8,South
814,Chetan,39,Male,Bangalore,Tablet,27618,3,Cash,2023-12-14,82854,36-50,2023,12,
815,Chetan,39,Female,Chennai,Camera,19566,2,Card,2023-03-30,39132,36-50,2023,3,South
816,Isha,39,Male,Hyderabad,Camera,39837,3,UPI,2023-12-03,119511,36-50,2023,12,South
817,Hari,39,Male,Hyderabad,Laptop,33291,4,Cash,2023-06-04,133164,36-50,2023,6,South
818,Hari,39,Female,Chennai,Headphones,7775,1,Card,2023-08-24,7775,36-50,2023,8,South
819,Gopi,39,Female,Hyderabad,Camera,3250,1,UPI,2023-09-26,3250,36-50,2023,9,South
820,Esha,39,Female,Trivandrum,Laptop,19508,4,UPI,2023-11-21,78032,36-50,2023,11,
821,Chetan,39,Male,Chennai,Headphones,42458,2,Card,2023-02-28,84916,36-50,2023,2,South
822,Arun,39,Female,Bangalore,Headphones,955,5,UPI,2023-12-08,4775,36-50,2023,12,
823,Farhan,39,Female,Bangalore,Camera,2113,3,UPI,2023-09-23,6339,36-50,2023,9,
824,Isha,39,Male,Chennai,Tablet,12229,2,Cash,2023-09-25,24458,36-50,2023,9,South
825,Chetan,39,Male,Kochi,Laptop,48334,1,Cash,2023-11-12,48334,36-50,2023,11,South
826,Gopi,39,Male,Kochi,Headphones,10261,1,UPI,2023-12-28,10261,36-50,2023,12,South
827,Gopi,39,Male,Bangalore,Headphones,13227,1,Card,2023-07-12,13227,36-50,2023,7,
828,Farhan,39,Female,Kochi,Mobile,21740,2,UPI,2023-06-03,43480,36-50,2023,6,South
829,Esha,39,Male,Trivandrum,Headphones,32478,3,Card,2023-06-09,97434,36-50,2023,6,
830,Farhan,39,Female,Bangalore,Headphones,14599,5,UPI,2023-01-16,72995,36-50,2023,1,
831,Isha,39,Male,Hyderabad,Tablet,20238,1,Card,2023-04-04,20238,36-50,2023,4,South
832,Esha,39,Male,Bangalore,Laptop,11163,2,UPI,2023-10-31,22326,36-50,2023,10,
833,Esha,39,Male,Trivandrum,Mobile,17436,3,UPI,2023-11-14,52308,36-50,2023,11,
834,Farhan,39,Female,Bangalore,Mobile,9019,3,Cash,2023-04-22,27057,36-50,2023,4,
835,Jaya,39,Female,Kochi,Mobile,36238,2,Card,2023-01-31,72476,36-50,2023,1,South
836,Bala,39,Female,Bangalore,Headphones,19856,1,Card,2023-05-29,19856,36-50,2023,5,
837,Esha,39,Female,Hyderabad,Laptop,10795,1,Card,2023-05-01,10795,36-50,2023,5,South
838,Isha,39,Female,Trivandrum,Headphones,33671,2,Cash,2023-11-18,67342,36-50,2023,11,
839,Jaya,39,Female,Hyderabad,Camera,13535,1,UPI,2023-12-07,13535,36-50,2023,12,South
840,Bala,39,Female,Bangalore,Camera,17602,1,Cash,2023-09-03,17602,36-50,2023,9,
841,Arun,39,Female,Kochi,Camera,30431,5,Card,2023-03-07,152155,36-50,2023,3,South
842,Isha,39,Male,Chennai,Tablet,14339,3,Cash,2023-12-17,43017,36-50,2023,12,South
843,Isha,39,Male,Hyderabad,Laptop,26288,5,UPI,2023-09-27,131440,36-50,2023,9,South
844,Farhan,39,Male,Hyderabad,Headphones,20621,1,UPI,2023-08-31,20621,36-50,2023,8,South
845,Farhan,39,Female,Kochi,Laptop,33916,4,Cash,2023-08-14,135664,36-50,2023,8,South
846,Farhan,39,Male,Kochi,Headphones,29892,3,UPI,2023-06-26,89676,36-50,2023,6,South
847,Farhan,39,Male,Bangalore,Camera,3694,2,UPI,2023-10-25,7388,36-50,2023,10,
848,Arun,39,Male,Chennai,Laptop,35677,5,UPI,2023-10-14,178385,36-50,2023,10,South
849,Isha,39,Male,Hyderabad,Tablet,40751,1,Card,2023-03-25,40751,36-50,2023,3,South
850,Bala,39,Male,Chennai,Headphones,41914,4,Card,2023-04-15,167656,36-50,2023,4,South
851,Hari,39,Male,Trivandrum,Camera,7465,5,UPI,2023-10-30,37325,36-50,2023,10,
852,Divya,39,Male,Kochi,Camera,6525,1,Card,2023-05-04,6525,36-50,2023,5,South
853,Arun,39,Female,Hyderabad,Laptop,32578,5,Card,2023-02-03,162890,36-50,2023,2,South
854,Isha,39,Female,Bangalore,Camera,12408,5,Cash,2023-01-21,62040,36-50,2023,1,
855,Arun,39,Male,Trivandrum,Headphones,35865,1,UPI,2023-08-02,35865,36-50,2023,8,
856,Gopi,39,Male,Kochi,Laptop,26879,2,Cash,2023-04-11,53758,36-50,2023,4,South
857,Hari,39,Female,Kochi,Mobile,41169,1,Cash,2023-05-15,41169,36-50,2023,5,South
858,Esha,39,Female,Hyderabad,Headphones,29256,5,UPI,2023-10-06,146280,36-50,2023,10,South
859,Esha,39,Male,Hyderabad,Camera,12916,2,Cash,2023-06-29,25832,36-50,2023,6,South
860,Hari,39,Male,Hyderabad,Headphones,26578,1,Cash,2023-01-15,26578,36-50,2023,1,South
861,Divya,39,Female,Hyderabad,Headphones,23769,2,Card,2023-09-13,47538,36-50,2023,9,South
862,Jaya,39,Female,Trivandrum,Mobile,11183,2,Card,2023-06-14,22366,36-50,2023,6,
863,Farhan,39,Female,Bangalore,Camera,38135,5,Cash,2023-09-27,190675,36-50,2023,9,
864,Chetan,39,Female,Hyderabad,Mobile,29940,3,Cash,2023-12-26,89820,36-50,2023,12,South
865,Jaya,39,Male,Kochi,Headphones,2325,3,Card,2023-03-26,6975,36-50,2023,3,South
866,Hari,39,Female,Chennai,Camera,6289,1,UPI,2023-09-22,6289,36-50,2023,9,South
867,Chetan,39,Male,Hyderabad,Headphones,5391,5,Cash,2023-06-23,26955,36-50,2023,6,South
868,Bala,39,Male,Kochi,Camera,27745,3,Card,2023-02-21,83235,36-50,2023,2,South
869,Chetan,39,Male,Bangalore,Headphones,23962,2,UPI,2023-12-16,47924,36-50,2023,12,
870,Isha,39,Female,Trivandrum,Camera,22496,3,Card,2023-03-02,67488,36-50,2023,3,
871,Bala,39,Male,Kochi,Laptop,23743,3,Card,2023-12-23,71229,36-50,2023,12,South
872,Jaya,39,Female,Hyderabad,Headphones,25359,4,Card,2023-11-19,101436,36-50,2023,11,South
873,Jaya,39,Female,Trivandrum,Camera,19324,3,UPI,2023-04-05,57972,36-50,2023,4,
874,Bala,39,Male,Hyderabad,Headphones,40951,3,Card,2023-07-06,122853,36-50,2023,7,South
875,Jaya,39,Female,Bangalore,Headphones,41735,3,Card,2023-02-16,125205,36-50,2023,2,
876,Isha,39,Female,Hyderabad,Camera,8431,4,Cash,2023-07-15,33724,36-50,2023,7,South
877,Bala,39,Male,Kochi,Tablet,14546,5,Cash,2023-06-26,72730,36-50,2023,6,South
878,Esha,39,Female,Hyderabad,Headphones,33755,3,UPI,2023-07-01,101265,36-50,2023,7,South
879,Farhan,39,Female,Kochi,Camera,24059,5,Cash,2023-08-31,120295,36-50,2023,8,South
880,Chetan,39,Female,Kochi,Headphones,34046,3,Cash,2023-01-18,102138,36-50,2023,1,South
881,Divya,39,Female,Chennai,Headphones,40326,5,Cash,2023-02-04,201630,36-50,2023,2,South
882,Isha,39,Female,Kochi,Laptop,18756,3,Card,2023-04-28,56268,36-50,2023,4,South
883,Hari,39,Female,Chennai,Tablet,3437,2,Card,2023-06-30,6874,36-50,2023,6,South
884,Isha,39,Female,Bangalore,Tablet,29171,3,UPI,2023-05-09,87513,36-50,2023,5,
885,Gopi,39,Female,Chennai,Camera,11580,4,Cash,2023-12-23,46320,36-50,2023,12,South
886,Farhan,39,Female,Hyderabad,Laptop,25129,4,Card,2023-10-04,100516,36-50,2023,10,South
887,Gopi,39,Female,Trivandrum,Laptop,31110,1,UPI,2023-12-10,31110,36-50,2023,12,
888,Jaya,39,Female,Trivandrum,Camera,831,2,Cash,2023-11-09,1662,36-50,2023,11,
889,Hari,39,Male,Trivandrum,Headphones,49907,1,Card,2023-08-11,49907,36-50,2023,8,
890,Jaya,39,Female,Bangalore,Headphones,4217,4,UPI,2023-02-26,16868,36-50,2023,2,
891,Jaya,39,Female,Chennai,Laptop,37708,5,Cash,2023-12-14,188540,36-50,2023,12,South
892,Esha,39,Female,Bangalore,Headphones,29285,5,Cash,2023-03-17,146425,36-50,2023,3,
893,Farhan,39,Male,Trivandrum,Laptop,40095,1,Card,2023-06-21,40095,36-50,2023,6,
894,Hari,39,Male,Chennai,Camera,21445,3,UPI,2023-02-06,64335,36-50,2023,2,South
895,Chetan,39,Male,Hyderabad,Headphones,8427,3,Cash,2023-10-11,25281,36-50,2023,10,South
896,Jaya,39,Female,Chennai,Tablet,39672,3,Card,2023-08-26,119016,36-50,2023,8,South
897,Isha,39,Male,Trivandrum,Headphones,2578,4,Card,2023-11-26,10312,36-50,2023,11,
898,Arun,39,Female,Hyderabad,Tablet,14701,2,Cash,2023-10-30,29402,36-50,2023,10,South
899,Farhan,39,Female,Hyderabad,Mobile,10181,2,Card,2023-05-05,20362,36-50,2023,5,South
900,Farhan,39,Female,Hyderabad,Headphones,8599,4,Card,2023-05-02,34396,36-50,2023,5,South
901,Hari,39,Female,Bangalore,Laptop,26569,5,Card,2023-07-08,132845,36-50,2023,7,
902,Arun,39,Female,Trivandrum,Tablet,34726,1,Cash,2023-07-17,34726,36-50,2023,7,
903,Gopi,39,Female,Chennai,Laptop,37970,1,UPI,2023-07-30,37970,36-50,2023,7,South
904,Divya,39,Female,Bangalore,Laptop,35752,1,Card,2023-06-29,35752,36-50,2023,6,
905,Bala,39,Female,Kochi,Laptop,45180,2,UPI,2023-04-17,90360,36-50,2023,4,South
906,Divya,39,Male,Chennai,Camera,26565,2,UPI,2023-02-13,53130,36-50,2023,2,South
907,Bala,39,Female,Trivandrum,Mobile,30509,3,Cash,2024-01-01,91527,36-50,2024,1,
908,Gopi,39,Female,Kochi,Headphones,23405,2,Card,2023-02-26,46810,36-50,2023,2,South
909,Esha,39,Male,Chennai,Headphones,7596,1,UPI,2023-03-30,7596,36-50,2023,3,South
910,Bala,39,Female,Bangalore,Tablet,8051,1,UPI,2023-12-22,8051,36-50,2023,12,
911,Farhan,39,Female,Hyderabad,Laptop,38248,4,Cash,2023-12-11,152992,36-50,2023,12,South
912,Jaya,39,Male,Bangalore,Headphones,40958,1,Card,2023-04-07,40958,36-50,2023,4,
913,Farhan,39,Male,Chennai,Laptop,22586,5,Card,2023-02-20,112930,36-50,2023,2,South
914,Arun,39,Male,Hyderabad,Mobile,19611,4,Cash,2023-06-30,78444,36-50,2023,6,South
915,Bala,39,Male,Trivandrum,Mobile,16802,1,Card,2023-07-30,16802,36-50,2023,7,
916,Jaya,39,Male,Bangalore,Mobile,48409,2,UPI,2023-09-22,96818,36-50,2023,9,
917,Chetan,39,Female,Trivandrum,Camera,47278,3,UPI,2023-02-22,141834,36-50,2023,2,
918,Gopi,39,Male,Trivandrum,Headphones,27158,2,Card,2023-09-29,54316,36-50,2023,9,
919,Jaya,39,Female,Bangalore,Laptop,22083,5,Card,2023-02-21,110415,36-50,2023,2,
920,Isha,39,Male,Kochi,Camera,11124,5,UPI,2023-02-13,55620,36-50,2023,2,South
921,Gopi,39,Male,Bangalore,Headphones,30168,1,Card,2023-08-04,30168,36-50,2023,8,
922,Isha,39,Female,Chennai,Headphones,20474,1,Cash,2023-02-24,20474,36-50,2023,2,South
923,Divya,39,Female,Trivandrum,Headphones,15759,5,Card,2023-01-23,78795,36-50,2023,1,
924,Bala,39,Female,Bangalore,Camera,35984,4,Cash,2023-01-24,143936,36-50,2023,1,
925,Bala,39,Female,Kochi,Tablet,48343,1,Card,2023-12-26,48343,36-50,2023,12,South
926,Esha,39,Male,Bangalore,Camera,43595,1,Card,2024-01-01,43595,36-50,2024,1,
927,Arun,39,Male,Chennai,Mobile,15073,4,Card,2023-12-07,60292,36-50,2023,12,South
928,Farhan,39,Female,Bangalore,Camera,22989,2,UPI,2023-03-29,45978,36-50,2023,3,
929,Farhan,39,Female,Chennai,Tablet,30885,4,Card,2023-12-20,123540,36-50,2023,12,South
930,Farhan,39,Female,Kochi,Camera,29294,5,Cash,2023-02-04,146470,36-50,2023,2,South
931,Divya,39,Female,Chennai,Camera,48701,2,Cash,2023-05-13,97402,36-50,2023,5,South
932,Divya,39,Female,Bangalore,Laptop,23367,3,Cash,2023-01-17,70101,36-50,2023,1,
933,Divya,39,Female,Hyderabad,Mobile,34169,2,Cash,2023-10-20,68338,36-50,2023,10,South
934,Isha,39,Male,Kochi,Laptop,4059,2,UPI,2023-03-07,8118,36-50,2023,3,South
935,Arun,39,Male,Kochi,Camera,5270,3,Cash,2023-03-18,15810,36-50,2023,3,South
936,Esha,39,Female,Trivandrum,Mobile,43855,5,Cash,2023-01-22,219275,36-50,2023,1,
937,Gopi,39,Female,Trivandrum,Mobile,27697,4,UPI,2023-11-15,110788,36-50,2023,11,
938,Isha,39,Female,Kochi,Headphones,26238,1,Card,2023-02-26,26238,36-50,2023,2,South
939,Arun,39,Male,Chennai,Tablet,45085,1,Card,2023-10-14,45085,36-50,2023,10,South
940,Arun,39,Female,Hyderabad,Laptop,23736,1,UPI,2023-06-06,23736,36-50,2023,6,South
941,Hari,39,Female,Hyderabad,Tablet,24946,1,Cash,2023-08-20,24946,36-50,2023,8,South
942,Chetan,39,Male,Kochi,Tablet,41931,3,Cash,2023-11-23,125793,36-50,2023,11,South
943,Chetan,39,Male,Bangalore,Mobile,31433,4,Card,2023-01-26,125732,36-50,2023,1,
944,Farhan,39,Male,Hyderabad,Mobile,15733,4,UPI,2023-05-28,62932,36-50,2023,5,South
945,Gopi,39,Female,Bangalore,Camera,4882,3,Cash,2023-06-23,14646,36-50,2023,6,
946,Divya,39,Female,Trivandrum,Headphones,6002,4,Card,2023-12-10,24008,36-50,2023,12,
947,Hari,39,Female,Bangalore,Laptop,32247,5,UPI,2023-12-05,161235,36-50,2023,12,
948,Bala,39,Female,Kochi,Mobile,27453,2,Cash,2023-06-17,54906,36-50,2023,6,South
949,Gopi,39,Male,Trivandrum,Tablet,27888,1,Cash,2023-12-06,27888,36-50,2023,12,
950,Farhan,39,Female,Hyderabad,Camera,20794,3,Cash,2023-08-29,62382,36-50,2023,8,South
951,Gopi,39,Male,Kochi,Laptop,37248,5,Card,2023-09-04,186240,36-50,2023,9,South
952,Esha,39,Female,Trivandrum,Mobile,1795,3,UPI,2023-08-04,5385,36-50,2023,8,
953,Gopi,39,Female,Bangalore,Camera,9295,3,Cash,2023-06-26,27885,36-50,2023,6,
954,Hari,39,Female,Kochi,Laptop,47911,3,Card,2023-11-16,143733,36-50,2023,11,South
955,Bala,39,Female,Hyderabad,Camera,34940,3,UPI,2023-08-22,104820,36-50,2023,8,South
956,Hari,39,Male,Bangalore,Headphones,29399,2,Cash,2023-08-19,58798,36-50,2023,8,
957,Jaya,39,Female,Trivandrum,Headphones,43825,2,Card,2023-09-06,87650,36-50,2023,9,
958,Bala,39,Male,Bangalore,Laptop,30442,4,UPI,2023-06-20,121768,36-50,2023,6,
959,Isha,39,Female,Bangalore,Headphones,10696,1,Cash,2023-11-27,10696,36-50,2023,11,
960,Hari,39,Female,Hyderabad,Laptop,9102,4,Cash,2023-04-27,36408,36-50,2023,4,South
961,Isha,39,Female,Kochi,Headphones,32855,5,Cash,2023-01-10,164275,36-50,2023,1,South
962,Farhan,39,Male,Kochi,Laptop,29592,5,Card,2023-01-23,147960,36-50,2023,1,South
963,Farhan,39,Female,Bangalore,Headphones,43669,3,UPI,2023-04-13,131007,36-50,2023,4,
964,Esha,39,Male,Hyderabad,Headphones,6334,3,UPI,2023-06-22,19002,36-50,2023,6,South
965,Bala,39,Male,Bangalore,Mobile,34840,3,Cash,2023-09-26,104520,36-50,2023,9,
966,Bala,39,Female,Bangalore,Mobile,43787,1,UPI,2023-09-05,43787,36-50,2023,9,
967,Isha,39,Male,Chennai,Tablet,5462,4,Cash,2023-08-26,21848,36-50,2023,8,South
968,Divya,39,Male,Hyderabad,Laptop,35873,3,Card,2023-10-09,107619,36-50,2023,10,South
969,Esha,39,Male,Hyderabad,Mobile,41955,3,UPI,2023-04-01,125865,36-50,2023,4,South
970,Bala,39,Female,Kochi,Laptop,15831,1,UPI,2023-05-14,15831,36-50,2023,5,South
971,Farhan,39,Female,Chennai,Headphones,9804,2,Card,2023-11-23,19608,36-50,2023,11,South
972,Hari,39,Male,Bangalore,Camera,7999,3,Card,2023-12-07,23997,36-50,2023,12,
973,Bala,39,Male,Bangalore,Mobile,9397,1,Card,2023-12-07,9397,36-50,2023,12,
974,Isha,39,Male,Bangalore,Camera,40999,5,UPI,2023-12-19,204995,36-50,2023,12,
975,Isha,39,Male,Chennai,Camera,40009,1,UPI,2023-09-12,40009,36-50,2023,9,South
976,Chetan,39,Female,Hyderabad,Headphones,12664,2,UPI,2023-09-03,25328,36-50,2023,9,South
977,Arun,39,Male,Chennai,Headphones,47592,3,Cash,2023-10-09,142776,36-50,2023,10,South
978,Chetan,39,Male,Chennai,Mobile,1915,2,Cash,2023-02-28,3830,36-50,2023,2,South
979,Chetan,39,Female,Kochi,Mobile,26282,3,Cash,2023-12-09,78846,36-50,2023,12,South
980,Divya,39,Male,Bangalore,Tablet,23793,3,Cash,2023-12-23,71379,36-50,2023,12,
981,Farhan,39,Male,Hyderabad,Mobile,47144,5,Cash,2023-01-24,235720,36-50,2023,1,South
982,Jaya,39,Female,Bangalore,Tablet,42268,4,Cash,2023-11-13,169072,36-50,2023,11,
983,Divya,39,Male,Trivandrum,Mobile,11819,3,UPI,2023-03-14,35457,36-50,2023,3,
984,Esha,39,Female,Hyderabad,Camera,6391,2,UPI,2023-06-07,12782,36-50,2023,6,South
985,Jaya,39,Male,Trivandrum,Laptop,42937,4,Cash,2023-01-12,171748,36-50,2023,1,
986,Bala,39,Female,Kochi,Laptop,2624,2,Cash,2023-12-05,5248,36-50,2023,12,South
987,Isha,39,Female,Trivandrum,Headphones,35137,1,Cash,2023-12-30,35137,36-50,2023,12,
988,Divya,39,Female,Trivandrum,Headphones,36833,5,Cash,2023-07-09,184165,36-50,2023,7,
989,Arun,39,Female,Bangalore,Tablet,15545,1,Cash,2023-05-19,15545,36-50,2023,5,
990,Bala,39,Female,Kochi,Headphones,32028,1,Cash,2023-12-02,32028,36-50,2023,12,South
991,Chetan,39,Male,Bangalore,Tablet,20789,4,Cash,2023-12-28,83156,36-50,2023,12,
992,Arun,39,Female,Chennai,Camera,26556,5,Card,2023-03-14,132780,36-50,2023,3,South
993,Chetan,39,Female,Kochi,Camera,22180,3,UPI,2023-06-07,66540,36-50,2023,6,South
994,Jaya,39,Female,Chennai,Mobile,12780,1,UPI,2023-07-28,12780,36-50,2023,7,South
995,Isha,39,Male,Hyderabad,Laptop,16463,5,Card,2023-03-26,82315,36-50,2023,3,South
996,Chetan,39,Female,Hyderabad,Tablet,29084,5,Cash,2023-06-13,145420,36-50,2023,6,South
997,Farhan,39,Male,Chennai,Mobile,18051,4,Card,2023-06-06,72204,36-50,2023,6,South
998,Chetan,39,Female,Chennai,Headphones,39070,3,Card,2023-03-03,117210,36-50,2023,3,South
999,Arun,39,Female,Hyderabad,Camera,8705,3,Cash,2023-06-27,26115,36-50,2023,6,South
1000,Bala,39,Male,Hyderabad,Laptop,41259,2,Card,2023-08-05,82518,36-50,2023,8,South
235,Chetan,39,Female,Hyderabad,Tablet,12827,4,UPI,2023-07-13,51308,36-50,2023,7,South
515,Gopi,39,Female,Hyderabad,Mobile,39279,3,Card,2023-09-15,117837,36-50,2023,9,South
791,Arun,39,Male,Kochi,Camera,25503,2,Card,2023-09-02,51006,36-50,2023,9,South
241,Gopi,39,Male,Hyderabad,Tablet,38347,1,UPI,2023-04-16,38347,36-50,2023,4,South
89,Jaya,39,Male,Hyderabad,Tablet,19104,2,UPI,2023-09-26,38208,36-50,2023,9,South
90,Farhan,39,Male,Trivandrum,Headphones,34986,4,Cash,2023-05-06,139944,36-50,2023,5,
240,Hari,39,Female,Chennai,Mobile,8554,1,Card,2023-01-24,8554,36-50,2023,1,South
286,Isha,39,Male,Trivandrum,Camera,33277,4,Card,2023-05-26,133108,36-50,2023,5,
390,Bala,39,Male,Chennai,Tablet,33268,3,Card,2023-11-16,99804,36-50,2023,11,South
670,Jaya,39,Female,Chennai,Mobile,4237,1,Card,2023-09-10,4237,36-50,2023,9,South
658,Esha,39,Female,Bangalore,Laptop,27078,4,Card,2023-06-20,108312,36-50,2023,6,
406,Isha,39,Female,Kochi,Tablet,32056,5,Card,2023-12-24,160280,36-50,2023,12,South
938,Isha,39,Female,Kochi,Headphones,26238,1,Card,2023-02-26,26238,36-50,2023,2,South
338,Hari,39,Female,Bangalore,Mobile,35038,2,Cash,2023-03-21,70076,36-50,2023,3,
986,Bala,39,Female,Kochi,Laptop,2624,2,Cash,2023-12-05,5248,36-50,2023,12,South
278,Arun,39,Female,Hyderabad,Headphones,10500,3,UPI,2023-07-14,31500,36-50,2023,7,South
993,Chetan,39,Female,Kochi,Camera,22180,3,UPI,2023-06-07,66540,36-50,2023,6,South
466,Jaya,39,Female,Bangalore,Laptop,2670,2,Cash,2023-10-23,5340,36-50,2023,10,
888,Jaya,39,Female,Trivandrum,Camera,831,2,Cash,2023-11-09,1662,36-50,2023,11,
318,Esha,39,Male,Bangalore,Camera,21493,1,UPI,2023-11-17,21493,36-50,2023,11,
309,Gopi,39,Male,Kochi,Laptop,47270,2,Card,2023-04-09,94540,36-50,2023,4,South
871,Bala,39,Male,Kochi,Laptop,23743,3,Card,2023-12-23,71229,36-50,2023,12,South
452,Gopi,39,Male,Hyderabad,Camera,40351,5,Cash,2023-01-10,201755,36-50,2023,1,South
913,Farhan,39,Male,Chennai,Laptop,22586,5,Card,2023-02-20,112930,36-50,2023,2,South
299,Hari,39,Male,Trivandrum,Tablet,2736,3,UPI,2023-11-03,8208,36-50,2023,11,
308,Divya,39,Male,Kochi,Laptop,16900,5,Card,2023-10-28,84500,36-50,2023,10,South
562,Hari,39,Male,Hyderabad,Headphones,14098,2,Cash,2023-12-27,28196,36-50,2023,12,South
404,Bala,39,Female,Bangalore,Laptop,27380,3,Card,2023-04-01,82140,36-50,2023,4,
741,Jaya,39,Male,Hyderabad,Laptop,48115,4,UPI,2023-05-02,192460,36-50,2023,5,South
384,Arun,39,Male,Bangalore,Mobile,48035,4,Cash,2023-01-11,192140,36-50,2023,1,
42,Hari,39,Female,Chennai,Camera,11661,2,Cash,2023-02-22,23322,36-50,2023,2,South
328,Farhan,39,Male,Bangalore,Camera,7619,1,Card,2023-07-26,7619,36-50,2023,7,
289,Divya,39,Female,Bangalore,Headphones,20585,1,UPI,2023-08-31,20585,36-50,2023,8,
712,Chetan,39,Male,Kochi,Laptop,14348,4,Cash,2023-09-13,57392,36-50,2023,9,South
183,Farhan,39,Male,Trivandrum,Tablet,20395,1,UPI,2023-09-30,20395,36-50,2023,9,
636,Esha,39,Male,Trivandrum,Tablet,28615,2,Cash,2023-03-23,57230,36-50,2023,3,
497,Bala,39,Male,Trivandrum,Mobile,29123,2,UPI,2023-08-12,58246,36-50,2023,8,
816,Isha,39,Male,Hyderabad,Camera,39837,3,UPI,2023-12-03,119511,36-50,2023,12,South
343,Hari,39,Female,Trivandrum,Camera,23661,5,Card,2023-11-27,118305,36-50,2023,11,
311,Isha,39,Female,Chennai,Mobile,3108,1,UPI,2023-08-23,3108,36-50,2023,8,South
904,Divya,39,Female,Bangalore,Laptop,35752,1,Card,2023-06-29,35752,36-50,2023,6,
910,Bala,39,Female,Bangalore,Tablet,8051,1,UPI,2023-12-22,8051,36-50,2023,12,
134,Jaya,39,Male,Hyderabad,Tablet,31493,4,Card,2023-12-27,125972,36-50,2023,12,South
57,Gopi,39,Male,Kochi,Camera,24035,2,Card,2023-11-20,48070,36-50,2023,11,South
826,Gopi,39,Male,Kochi,Headphones,10261,1,UPI,2023-12-28,10261,36-50,2023,12,South
300,Gopi,39,Male,Chennai,Mobile,14710,3,Card,2023-10-18,44130,36-50,2023,10,South
833,Esha,39,Male,Trivandrum,Mobile,17436,3,UPI,2023-11-14,52308,36-50,2023,11,
176,Arun,39,Male,Kochi,Tablet,19076,5,Card,2023-12-22,95380,36-50,2023,12,South
897,Isha,39,Male,Trivandrum,Headphones,2578,4,Card,2023-11-26,10312,36-50,2023,11,
600,Chetan,39,Male,Trivandrum,Headphones,35903,1,Card,2023-01-10,35903,36-50,2023,1,
